LOCATION,OR_STATE,AIRPORT,AIRLINE,NUM_OF_FLIGHTS_BY_AIRLINE_AIRPORT,AVG_DELAY_BY_AIRLINE
US,CALIFORNIA,LAX - Los Angeles,JETBLUE,141,0
US,WASHINGTON,GEG - Spokane,AMERICAN AIRLINES,69,6
US,CALIFORNIA,LAX - Los Angeles,ALASKA AIRLINES,144,-1
US,CALIFORNIA,LAX - Los Angeles,UNITED AIRLINES,97,18
US,CALIFORNIA,LAX - Los Angeles,SOUTHWEST AIRLINES,142,-6
US,OREGON,PDX - Portland,JETBLUE,144,7
US,WASHINGTON,SEA - Seattle,DELTA,122,-8
US,CALIFORNIA,SFO - San Francisco,AMERICAN AIRLINES,114,-2
US,WASHINGTON,SEA - Seattle,JETBLUE,110,-3
US,WASHINGTON,GEG - Spokane,DELTA,93,19
US,OREGON,EUG - Eugene,SPIRIT AIRLINES,140,11
US,OREGON,PDX - Portland,SOUTHWEST AIRLINES,142,11
US,CALIFORNIA,LAX - Los Angeles,SOUTHWEST AIRLINES,116,-1
US,WASHINGTON,SEA - Seattle,ALASKA AIRLINES,96,-8
US,WASHINGTON,SEA - Seattle,ALASKA AIRLINES,98,-2
US,CALIFORNIA,LAX - Los Angeles,UNITED AIRLINES,89,18
US,OREGON,EUG - Eugene,JETBLUE,65,-5
US,CALIFORNIA,SFO - San Francisco,ALASKA AIRLINES,105,7
US,OREGON,PDX - Portland,AMERICAN AIRLINES,57,4
US,WASHINGTON,GEG - Spokane,JETBLUE,103,17
US,WASHINGTON,GEG - Spokane,DELTA,57,9
US,OREGON,PDX - Portland,SPIRIT AIRLINES,115,-6
US,CALIFORNIA,LAX - Los Angeles,AMERICAN AIRLINES,135,8
US,OREGON,PDX - Portland,DELTA,89,11
US,OREGON,PDX - Portland,JETBLUE,123,19
US,WASHINGTON,GEG - Spokane,SOUTHWEST AIRLINES,125,-4
US,OREGON,EUG - Eugene,JETBLUE,130,10
US,OREGON,EUG - Eugene,SOUTHWEST AIRLINES,60,19
US,WASHINGTON,SEA - Seattle,SOUTHWEST AIRLINES,135,11
US,OREGON,EUG - Eugene,UNITED AIRLINES,122,4
US,OREGON,EUG - Eugene,SOUTHWEST AIRLINES,150,-8
US,CALIFORNIA,LAX - Los Angeles,AMERICAN AIRLINES,119,6
US,CALIFORNIA,LAX - Los Angeles,ALASKA AIRLINES,126,-4
US,CALIFORNIA,SFO - San Francisco,SPIRIT AIRLINES,59,3
US,OREGON,PDX - Portland,SOUTHWEST AIRLINES,111,-3
US,CALIFORNIA,SFO - San Francisco,UNITED AIRLINES,137,11
US,WASHINGTON,GEG - Spokane,SOUTHWEST AIRLINES,142,13
US,CALIFORNIA,SFO - San Francisco,SOUTHWEST AIRLINES,100,-9
US,CALIFORNIA,LAX - Los Angeles,UNITED AIRLINES,118,-10
US,WASHINGTON,GEG - Spokane,AMERICAN AIRLINES,79,-2
US,WASHINGTON,GEG - Spokane,UNITED AIRLINES,76,6
US,CALIFORNIA,SFO - San Francisco,UNITED AIRLINES,55,13
US,OREGON,EUG - Eugene,UNITED AIRLINES,115,-6
US,WASHINGTON,GEG - Spokane,UNITED AIRLINES,60,-8
US,WASHINGTON,SEA - Seattle,AMERICAN AIRLINES,80,-6
US,WASHINGTON,GEG - Spokane,AMERICAN AIRLINES,102,11
US,CALIFORNIA,SFO - San Francisco,DELTA,130,0
US,WASHINGTON,SEA - Seattle,JETBLUE,95,18
US,CALIFORNIA,SFO - San Francisco,SOUTHWEST AIRLINES,90,0
US,WASHINGTON,SEA - Seattle,SOUTHWEST AIRLINES,95,-2
US,WASHINGTON,GEG - Spokane,ALASKA AIRLINES,87,-5
US,OREGON,PDX - Portland,ALASKA AIRLINES,60,12
US,CALIFORNIA,SFO - San Francisco,ALASKA AIRLINES,142,16
US,CALIFORNIA,LAX - Los Angeles,DELTA,84,6
US,WASHINGTON,SEA - Seattle,DELTA,115,-5
US,CALIFORNIA,LAX - Los Angeles,SPIRIT AIRLINES,78,0
US,WASHINGTON,GEG - Spokane,SOUTHWEST AIRLINES,123,1
US,OREGON,EUG - Eugene,SOUTHWEST AIRLINES,120,7
US,OREGON,EUG - Eugene,AMERICAN AIRLINES,84,0
US,WASHINGTON,GEG - Spokane,AMERICAN AIRLINES,67,2
US,OREGON,PDX - Portland,SPIRIT AIRLINES,94,12
US,CALIFORNIA,LAX - Los Angeles,SPIRIT AIRLINES,104,0
US,WASHINGTON,GEG - Spokane,DELTA,77,-10
US,WASHINGTON,GEG - Spokane,SPIRIT AIRLINES,124,-1
US,OREGON,EUG - Eugene,DELTA,66,-1
US,WASHINGTON,GEG - Spokane,SOUTHWEST AIRLINES,67,6
US,OREGON,EUG - Eugene,SOUTHWEST AIRLINES,142,1
US,CALIFORNIA,LAX - Los Angeles,ALASKA AIRLINES,90,13
US,WASHINGTON,GEG - Spokane,SPIRIT AIRLINES,69,6
US,OREGON,EUG - Eugene,AMERICAN AIRLINES,77,5
US,OREGON,PDX - Portland,SPIRIT AIRLINES,113,12
US,OREGON,EUG - Eugene,DELTA,120,5
US,CALIFORNIA,SFO - San Francisco,DELTA,90,-2
US,OREGON,EUG - Eugene,SPIRIT AIRLINES,90,2
US,CALIFORNIA,LAX - Los Angeles,UNITED AIRLINES,57,4
US,OREGON,EUG - Eugene,ALASKA AIRLINES,110,-6
US,CALIFORNIA,LAX - Los Angeles,ALASKA AIRLINES,81,-6
US,WASHINGTON,SEA - Seattle,AMERICAN AIRLINES,112,0
US,OREGON,EUG - Eugene,AMERICAN AIRLINES,97,-9
US,WASHINGTON,GEG - Spokane,AMERICAN AIRLINES,123,18
US,WASHINGTON,GEG - Spokane,SOUTHWEST AIRLINES,128,-7
US,WASHINGTON,SEA - Seattle,DELTA,56,-10
US,CALIFORNIA,LAX - Los Angeles,UNITED AIRLINES,115,-6
US,CALIFORNIA,LAX - Los Angeles,SPIRIT AIRLINES,99,-8
US,WASHINGTON,GEG - Spokane,DELTA,97,9
US,WASHINGTON,SEA - Seattle,SOUTHWEST AIRLINES,113,-7
US,CALIFORNIA,LAX - Los Angeles,SPIRIT AIRLINES,128,-8
US,CALIFORNIA,LAX - Los Angeles,AMERICAN AIRLINES,87,0
US,WASHINGTON,GEG - Spokane,DELTA,131,2
US,CALIFORNIA,SFO - San Francisco,SPIRIT AIRLINES,97,4
US,OREGON,EUG - Eugene,JETBLUE,71,9
US,CALIFORNIA,SFO - San Francisco,ALASKA AIRLINES,143,1
US,OREGON,PDX - Portland,UNITED AIRLINES,55,11
US,CALIFORNIA,SFO - San Francisco,DELTA,105,7
US,CALIFORNIA,LAX - Los Angeles,SPIRIT AIRLINES,139,2
US,WASHINGTON,SEA - Seattle,UNITED AIRLINES,61,3
US,OREGON,PDX - Portland,JETBLUE,134,13
US,OREGON,EUG - Eugene,AMERICAN AIRLINES,105,-10
US,OREGON,EUG - Eugene,UNITED AIRLINES,143,15
US,CALIFORNIA,SFO - San Francisco,UNITED AIRLINES,80,3
US,CALIFORNIA,LAX - Los Angeles,SOUTHWEST AIRLINES,121,-4
US,CALIFORNIA,SFO - San Francisco,DELTA,116,-8
US,OREGON,PDX - Portland,ALASKA AIRLINES,59,3
US,WASHINGTON,SEA - Seattle,AMERICAN AIRLINES,116,4
US,CALIFORNIA,SFO - San Francisco,JETBLUE,116,9
US,CALIFORNIA,SFO - San Francisco,JETBLUE,130,-6
US,CALIFORNIA,SFO - San Francisco,SOUTHWEST AIRLINES,138,9
US,CALIFORNIA,SFO - San Francisco,ALASKA AIRLINES,115,-3
US,OREGON,PDX - Portland,UNITED AIRLINES,129,4
US,OREGON,PDX - Portland,JETBLUE,105,-1
US,CALIFORNIA,SFO - San Francisco,ALASKA AIRLINES,121,0
US,CALIFORNIA,LAX - Los Angeles,ALASKA AIRLINES,125,19
US,OREGON,PDX - Portland,DELTA,62,-2
US,WASHINGTON,SEA - Seattle,AMERICAN AIRLINES,146,0
US,WASHINGTON,GEG - Spokane,AMERICAN AIRLINES,105,-1
US,CALIFORNIA,SFO - San Francisco,DELTA,106,-4
US,CALIFORNIA,SFO - San Francisco,AMERICAN AIRLINES,97,7
US,WASHINGTON,GEG - Spokane,JETBLUE,56,17
US,WASHINGTON,SEA - Seattle,AMERICAN AIRLINES,91,-3
US,WASHINGTON,SEA - Seattle,SOUTHWEST AIRLINES,101,12
US,OREGON,EUG - Eugene,JETBLUE,146,3
US,OREGON,EUG - Eugene,AMERICAN AIRLINES,148,15
US,OREGON,EUG - Eugene,JETBLUE,137,-9
US,WASHINGTON,SEA - Seattle,UNITED AIRLINES,54,14
US,CALIFORNIA,LAX - Los Angeles,UNITED AIRLINES,73,-1
US,WASHINGTON,GEG - Spokane,SPIRIT AIRLINES,54,12
US,CALIFORNIA,SFO - San Francisco,AMERICAN AIRLINES,87,2
US,WASHINGTON,GEG - Spokane,ALASKA AIRLINES,63,8
US,OREGON,PDX - Portland,JETBLUE,124,13
US,WASHINGTON,SEA - Seattle,JETBLUE,149,18
US,CALIFORNIA,SFO - San Francisco,SPIRIT AIRLINES,87,14
US,OREGON,PDX - Portland,SOUTHWEST AIRLINES,106,15
US,WASHINGTON,SEA - Seattle,AMERICAN AIRLINES,54,-10
US,OREGON,PDX - Portland,SOUTHWEST AIRLINES,87,3
US,WASHINGTON,SEA - Seattle,UNITED AIRLINES,55,12
US,OREGON,EUG - Eugene,SOUTHWEST AIRLINES,103,-7
US,WASHINGTON,GEG - Spokane,SOUTHWEST AIRLINES,84,14
US,OREGON,EUG - Eugene,DELTA,139,-6
US,WASHINGTON,GEG - Spokane,UNITED AIRLINES,54,-1
US,OREGON,EUG - Eugene,SOUTHWEST AIRLINES,99,14
US,CALIFORNIA,SFO - San Francisco,ALASKA AIRLINES,119,10
US,WASHINGTON,SEA - Seattle,ALASKA AIRLINES,97,-2
US,CALIFORNIA,LAX - Los Angeles,SPIRIT AIRLINES,80,-3
US,OREGON,EUG - Eugene,DELTA,144,1
US,OREGON,EUG - Eugene,UNITED AIRLINES,79,-1
US,OREGON,EUG - Eugene,DELTA,129,-2
US,CALIFORNIA,LAX - Los Angeles,AMERICAN AIRLINES,140,15
US,CALIFORNIA,SFO - San Francisco,ALASKA AIRLINES,120,16
US,OREGON,PDX - Portland,SPIRIT AIRLINES,58,-1
US,OREGON,EUG - Eugene,AMERICAN AIRLINES,93,4
US,CALIFORNIA,SFO - San Francisco,UNITED AIRLINES,120,11
US,OREGON,PDX - Portland,ALASKA AIRLINES,122,-5
US,OREGON,EUG - Eugene,SOUTHWEST AIRLINES,56,9
US,OREGON,PDX - Portland,SOUTHWEST AIRLINES,90,-4
US,WASHINGTON,GEG - Spokane,ALASKA AIRLINES,54,8
US,CALIFORNIA,LAX - Los Angeles,DELTA,85,0
US,CALIFORNIA,SFO - San Francisco,ALASKA AIRLINES,85,15
US,WASHINGTON,GEG - Spokane,DELTA,118,-10
US,OREGON,PDX - Portland,DELTA,137,-10
US,CALIFORNIA,LAX - Los Angeles,UNITED AIRLINES,85,10
US,CALIFORNIA,LAX - Los Angeles,UNITED AIRLINES,94,18
US,OREGON,EUG - Eugene,DELTA,122,15
US,OREGON,PDX - Portland,ALASKA AIRLINES,50,18
US,OREGON,PDX - Portland,SOUTHWEST AIRLINES,135,-6
US,CALIFORNIA,LAX - Los Angeles,UNITED AIRLINES,75,14
US,CALIFORNIA,SFO - San Francisco,SPIRIT AIRLINES,112,13
US,OREGON,PDX - Portland,UNITED AIRLINES,81,10
US,OREGON,EUG - Eugene,SOUTHWEST AIRLINES,130,4
US,OREGON,EUG - Eugene,UNITED AIRLINES,65,-9
US,CALIFORNIA,SFO - San Francisco,SOUTHWEST AIRLINES,137,15
US,CALIFORNIA,SFO - San Francisco,SPIRIT AIRLINES,91,-7
US,WASHINGTON,GEG - Spokane,JETBLUE,92,5
US,OREGON,PDX - Portland,DELTA,113,8
US,CALIFORNIA,LAX - Los Angeles,UNITED AIRLINES,81,19
US,CALIFORNIA,SFO - San Francisco,DELTA,74,5
US,CALIFORNIA,LAX - Los Angeles,UNITED AIRLINES,143,-4
US,WASHINGTON,SEA - Seattle,ALASKA AIRLINES,61,12
US,OREGON,EUG - Eugene,SPIRIT AIRLINES,137,-2
US,WASHINGTON,SEA - Seattle,ALASKA AIRLINES,148,0
US,WASHINGTON,SEA - Seattle,UNITED AIRLINES,149,-3
US,WASHINGTON,SEA - Seattle,JETBLUE,50,1
US,WASHINGTON,GEG - Spokane,AMERICAN AIRLINES,106,14
US,CALIFORNIA,SFO - San Francisco,SOUTHWEST AIRLINES,84,15
US,CALIFORNIA,SFO - San Francisco,SOUTHWEST AIRLINES,77,14
US,OREGON,PDX - Portland,SOUTHWEST AIRLINES,127,14
US,WASHINGTON,SEA - Seattle,AMERICAN AIRLINES,130,-2
US,OREGON,EUG - Eugene,UNITED AIRLINES,125,8
US,CALIFORNIA,SFO - San Francisco,UNITED AIRLINES,138,18
US,OREGON,PDX - Portland,SPIRIT AIRLINES,141,15
US,WASHINGTON,SEA - Seattle,JETBLUE,71,4
US,WASHINGTON,SEA - Seattle,JETBLUE,57,-1
US,WASHINGTON,SEA - Seattle,JETBLUE,54,-5
US,WASHINGTON,SEA - Seattle,SPIRIT AIRLINES,110,8
US,CALIFORNIA,LAX - Los Angeles,SPIRIT AIRLINES,64,2
US,OREGON,EUG - Eugene,SPIRIT AIRLINES,96,-8
US,OREGON,PDX - Portland,DELTA,147,-5
US,OREGON,EUG - Eugene,AMERICAN AIRLINES,61,-5
US,OREGON,EUG - Eugene,DELTA,56,5
US,WASHINGTON,GEG - Spokane,DELTA,80,8
US,WASHINGTON,SEA - Seattle,JETBLUE,98,7
US,WASHINGTON,GEG - Spokane,JETBLUE,115,10
US,OREGON,PDX - Portland,JETBLUE,72,-6
US,OREGON,PDX - Portland,UNITED AIRLINES,118,0
US,OREGON,PDX - Portland,AMERICAN AIRLINES,128,-2
US,WASHINGTON,GEG - Spokane,JETBLUE,76,5
US,OREGON,PDX - Portland,UNITED AIRLINES,97,-7
US,WASHINGTON,SEA - Seattle,DELTA,69,8
US,WASHINGTON,GEG - Spokane,DELTA,61,-10
US,WASHINGTON,GEG - Spokane,AMERICAN AIRLINES,150,-3
US,OREGON,EUG - Eugene,UNITED AIRLINES,71,-2
US,OREGON,EUG - Eugene,UNITED AIRLINES,95,-5
US,CALIFORNIA,LAX - Los Angeles,ALASKA AIRLINES,110,0
US,WASHINGTON,SEA - Seattle,SOUTHWEST AIRLINES,54,17
US,WASHINGTON,GEG - Spokane,AMERICAN AIRLINES,105,-1
US,WASHINGTON,GEG - Spokane,AMERICAN AIRLINES,89,-8
US,WASHINGTON,SEA - Seattle,SOUTHWEST AIRLINES,94,12
US,OREGON,EUG - Eugene,SPIRIT AIRLINES,137,11
US,WASHINGTON,GEG - Spokane,AMERICAN AIRLINES,108,-3
US,WASHINGTON,SEA - Seattle,SOUTHWEST AIRLINES,94,10
US,CALIFORNIA,SFO - San Francisco,SOUTHWEST AIRLINES,58,-2
US,WASHINGTON,SEA - Seattle,JETBLUE,112,-7
US,OREGON,EUG - Eugene,JETBLUE,141,6
US,OREGON,EUG - Eugene,AMERICAN AIRLINES,51,9
US,CALIFORNIA,SFO - San Francisco,ALASKA AIRLINES,148,3
US,CALIFORNIA,LAX - Los Angeles,JETBLUE,70,-7
US,WASHINGTON,GEG - Spokane,UNITED AIRLINES,149,-7
US,WASHINGTON,GEG - Spokane,AMERICAN AIRLINES,65,6
US,OREGON,EUG - Eugene,SOUTHWEST AIRLINES,97,13
US,CALIFORNIA,SFO - San Francisco,SPIRIT AIRLINES,106,20
US,OREGON,EUG - Eugene,SPIRIT AIRLINES,75,7
US,WASHINGTON,SEA - Seattle,AMERICAN AIRLINES,118,6
US,CALIFORNIA,SFO - San Francisco,ALASKA AIRLINES,71,14
US,WASHINGTON,SEA - Seattle,ALASKA AIRLINES,130,-6
US,OREGON,EUG - Eugene,ALASKA AIRLINES,116,-1
US,WASHINGTON,GEG - Spokane,JETBLUE,139,3
US,CALIFORNIA,SFO - San Francisco,SOUTHWEST AIRLINES,69,0
US,OREGON,PDX - Portland,JETBLUE,85,19
US,CALIFORNIA,SFO - San Francisco,SOUTHWEST AIRLINES,113,20
US,CALIFORNIA,LAX - Los Angeles,SPIRIT AIRLINES,113,1
US,OREGON,EUG - Eugene,AMERICAN AIRLINES,129,14
US,CALIFORNIA,SFO - San Francisco,SPIRIT AIRLINES,101,-8
US,OREGON,EUG - Eugene,AMERICAN AIRLINES,146,-2
US,CALIFORNIA,SFO - San Francisco,SPIRIT AIRLINES,111,-3
US,OREGON,PDX - Portland,SPIRIT AIRLINES,141,20
US,WASHINGTON,GEG - Spokane,SOUTHWEST AIRLINES,67,-5
US,CALIFORNIA,SFO - San Francisco,UNITED AIRLINES,74,11
US,CALIFORNIA,SFO - San Francisco,AMERICAN AIRLINES,140,17
US,WASHINGTON,SEA - Seattle,AMERICAN AIRLINES,149,-1
US,WASHINGTON,SEA - Seattle,UNITED AIRLINES,67,10
US,OREGON,EUG - Eugene,SPIRIT AIRLINES,60,10
US,WASHINGTON,SEA - Seattle,SOUTHWEST AIRLINES,70,14
US,CALIFORNIA,SFO - San Francisco,SOUTHWEST AIRLINES,57,2
US,CALIFORNIA,LAX - Los Angeles,JETBLUE,117,3
US,WASHINGTON,SEA - Seattle,UNITED AIRLINES,53,-6
US,CALIFORNIA,LAX - Los Angeles,SPIRIT AIRLINES,99,6
US,CALIFORNIA,LAX - Los Angeles,DELTA,122,-4
US,WASHINGTON,GEG - Spokane,SPIRIT AIRLINES,91,15
US,OREGON,PDX - Portland,AMERICAN AIRLINES,118,19
US,OREGON,PDX - Portland,UNITED AIRLINES,144,7
US,OREGON,EUG - Eugene,JETBLUE,80,3
US,OREGON,EUG - Eugene,ALASKA AIRLINES,146,18
US,CALIFORNIA,LAX - Los Angeles,SOUTHWEST AIRLINES,86,-4
US,CALIFORNIA,SFO - San Francisco,UNITED AIRLINES,129,-1
US,CALIFORNIA,SFO - San Francisco,SPIRIT AIRLINES,112,8
US,WASHINGTON,GEG - Spokane,SPIRIT AIRLINES,112,9
US,OREGON,EUG - Eugene,JETBLUE,115,-3
US,WASHINGTON,SEA - Seattle,AMERICAN AIRLINES,101,-6
US,WASHINGTON,SEA - Seattle,AMERICAN AIRLINES,99,-9
US,CALIFORNIA,LAX - Los Angeles,UNITED AIRLINES,129,4
US,WASHINGTON,GEG - Spokane,JETBLUE,82,4
US,WASHINGTON,SEA - Seattle,SOUTHWEST AIRLINES,62,-2
US,WASHINGTON,GEG - Spokane,UNITED AIRLINES,101,15
US,CALIFORNIA,LAX - Los Angeles,UNITED AIRLINES,139,-4
US,WASHINGTON,GEG - Spokane,AMERICAN AIRLINES,107,-7
US,CALIFORNIA,LAX - Los Angeles,ALASKA AIRLINES,121,-10
US,CALIFORNIA,LAX - Los Angeles,SPIRIT AIRLINES,72,-1
US,OREGON,EUG - Eugene,SPIRIT AIRLINES,91,-3
US,CALIFORNIA,SFO - San Francisco,AMERICAN AIRLINES,67,1
US,OREGON,EUG - Eugene,JETBLUE,89,15
US,OREGON,EUG - Eugene,UNITED AIRLINES,114,14
US,OREGON,EUG - Eugene,SOUTHWEST AIRLINES,131,7
US,WASHINGTON,GEG - Spokane,UNITED AIRLINES,63,16
US,CALIFORNIA,LAX - Los Angeles,ALASKA AIRLINES,107,1
US,OREGON,PDX - Portland,SPIRIT AIRLINES,86,4
US,OREGON,EUG - Eugene,AMERICAN AIRLINES,113,6
US,OREGON,EUG - Eugene,DELTA,60,-8
US,WASHINGTON,SEA - Seattle,ALASKA AIRLINES,83,16
US,CALIFORNIA,LAX - Los Angeles,JETBLUE,65,-8
US,OREGON,EUG - Eugene,JETBLUE,105,16
US,WASHINGTON,GEG - Spokane,SPIRIT AIRLINES,100,-6
US,WASHINGTON,SEA - Seattle,ALASKA AIRLINES,133,-7
US,CALIFORNIA,LAX - Los Angeles,JETBLUE,149,9
US,CALIFORNIA,LAX - Los Angeles,SPIRIT AIRLINES,65,1
US,CALIFORNIA,SFO - San Francisco,SPIRIT AIRLINES,126,-10
US,WASHINGTON,GEG - Spokane,DELTA,110,7
US,WASHINGTON,SEA - Seattle,SOUTHWEST AIRLINES,138,2
US,CALIFORNIA,LAX - Los Angeles,SOUTHWEST AIRLINES,106,1
US,OREGON,PDX - Portland,SOUTHWEST AIRLINES,87,-8
US,CALIFORNIA,LAX - Los Angeles,SOUTHWEST AIRLINES,100,11
US,CALIFORNIA,SFO - San Francisco,JETBLUE,116,18
US,WASHINGTON,SEA - Seattle,JETBLUE,87,9
US,OREGON,EUG - Eugene,DELTA,89,6
US,CALIFORNIA,SFO - San Francisco,DELTA,100,0
US,CALIFORNIA,SFO - San Francisco,AMERICAN AIRLINES,108,-1
US,CALIFORNIA,SFO - San Francisco,DELTA,50,5
US,OREGON,PDX - Portland,DELTA,65,12
US,OREGON,EUG - Eugene,ALASKA AIRLINES,80,9
US,WASHINGTON,GEG - Spokane,UNITED AIRLINES,126,-10
US,WASHINGTON,SEA - Seattle,SOUTHWEST AIRLINES,71,11
US,CALIFORNIA,SFO - San Francisco,ALASKA AIRLINES,89,15
US,WASHINGTON,GEG - Spokane,UNITED AIRLINES,123,-1
US,OREGON,PDX - Portland,DELTA,111,-6
US,CALIFORNIA,LAX - Los Angeles,AMERICAN AIRLINES,129,-2
US,OREGON,PDX - Portland,JETBLUE,133,16
US,WASHINGTON,GEG - Spokane,DELTA,78,12
US,CALIFORNIA,SFO - San Francisco,UNITED AIRLINES,121,4
US,CALIFORNIA,LAX - Los Angeles,SOUTHWEST AIRLINES,105,13
US,CALIFORNIA,LAX - Los Angeles,SPIRIT AIRLINES,98,20
US,OREGON,PDX - Portland,AMERICAN AIRLINES,82,16
US,OREGON,EUG - Eugene,SPIRIT AIRLINES,72,20
US,CALIFORNIA,SFO - San Francisco,SOUTHWEST AIRLINES,105,6
US,OREGON,PDX - Portland,UNITED AIRLINES,89,8
US,CALIFORNIA,SFO - San Francisco,SPIRIT AIRLINES,76,-4
US,OREGON,PDX - Portland,AMERICAN AIRLINES,104,6
US,OREGON,EUG - Eugene,SPIRIT AIRLINES,52,13
US,CALIFORNIA,LAX - Los Angeles,SOUTHWEST AIRLINES,88,18
US,CALIFORNIA,LAX - Los Angeles,SPIRIT AIRLINES,63,6
US,WASHINGTON,GEG - Spokane,JETBLUE,102,-1
US,CALIFORNIA,LAX - Los Angeles,AMERICAN AIRLINES,141,8
US,CALIFORNIA,LAX - Los Angeles,SOUTHWEST AIRLINES,55,-1
US,CALIFORNIA,LAX - Los Angeles,UNITED AIRLINES,87,4
US,WASHINGTON,GEG - Spokane,DELTA,128,-7
US,CALIFORNIA,SFO - San Francisco,JETBLUE,88,20
US,CALIFORNIA,SFO - San Francisco,ALASKA AIRLINES,110,3
US,WASHINGTON,GEG - Spokane,UNITED AIRLINES,139,-2
US,CALIFORNIA,SFO - San Francisco,SOUTHWEST AIRLINES,127,11
US,WASHINGTON,GEG - Spokane,UNITED AIRLINES,115,-3
US,CALIFORNIA,LAX - Los Angeles,ALASKA AIRLINES,64,13
US,CALIFORNIA,LAX - Los Angeles,AMERICAN AIRLINES,56,16
US,CALIFORNIA,LAX - Los Angeles,DELTA,50,6
US,OREGON,EUG - Eugene,DELTA,54,18
US,WASHINGTON,SEA - Seattle,AMERICAN AIRLINES,126,6
US,OREGON,PDX - Portland,AMERICAN AIRLINES,129,8
US,OREGON,PDX - Portland,DELTA,116,-6
US,OREGON,PDX - Portland,SPIRIT AIRLINES,130,8
US,WASHINGTON,GEG - Spokane,DELTA,97,-9
US,CALIFORNIA,LAX - Los Angeles,ALASKA AIRLINES,75,-2
US,CALIFORNIA,SFO - San Francisco,SPIRIT AIRLINES,141,17
US,CALIFORNIA,LAX - Los Angeles,SOUTHWEST AIRLINES,63,11
US,OREGON,PDX - Portland,ALASKA AIRLINES,69,8
US,CALIFORNIA,LAX - Los Angeles,ALASKA AIRLINES,85,11
US,OREGON,PDX - Portland,AMERICAN AIRLINES,87,5
US,WASHINGTON,SEA - Seattle,UNITED AIRLINES,66,20
US,OREGON,EUG - Eugene,JETBLUE,141,-5
US,CALIFORNIA,LAX - Los Angeles,UNITED AIRLINES,117,0
US,OREGON,EUG - Eugene,ALASKA AIRLINES,55,20
US,OREGON,PDX - Portland,UNITED AIRLINES,98,13
US,WASHINGTON,GEG - Spokane,AMERICAN AIRLINES,96,8
US,CALIFORNIA,SFO - San Francisco,ALASKA AIRLINES,104,15
US,WASHINGTON,GEG - Spokane,SOUTHWEST AIRLINES,104,13
US,WASHINGTON,SEA - Seattle,SOUTHWEST AIRLINES,70,19
US,OREGON,EUG - Eugene,UNITED AIRLINES,105,16
US,OREGON,PDX - Portland,AMERICAN AIRLINES,145,-4
US,CALIFORNIA,LAX - Los Angeles,UNITED AIRLINES,107,13
US,OREGON,PDX - Portland,SOUTHWEST AIRLINES,92,9
US,CALIFORNIA,SFO - San Francisco,DELTA,92,9
US,CALIFORNIA,LAX - Los Angeles,SOUTHWEST AIRLINES,52,20
US,WASHINGTON,GEG - Spokane,SOUTHWEST AIRLINES,73,-9
US,OREGON,PDX - Portland,AMERICAN AIRLINES,123,0
US,CALIFORNIA,LAX - Los Angeles,UNITED AIRLINES,78,-3
US,CALIFORNIA,LAX - Los Angeles,SOUTHWEST AIRLINES,113,-9
US,OREGON,PDX - Portland,SPIRIT AIRLINES,114,-3
US,CALIFORNIA,LAX - Los Angeles,ALASKA AIRLINES,61,12
US,WASHINGTON,GEG - Spokane,DELTA,76,-6
US,CALIFORNIA,SFO - San Francisco,SPIRIT AIRLINES,89,1
US,WASHINGTON,GEG - Spokane,AMERICAN AIRLINES,82,13
US,CALIFORNIA,SFO - San Francisco,ALASKA AIRLINES,93,17
US,OREGON,PDX - Portland,UNITED AIRLINES,108,-6
US,CALIFORNIA,LAX - Los Angeles,ALASKA AIRLINES,87,-5
US,CALIFORNIA,SFO - San Francisco,ALASKA AIRLINES,92,7
US,CALIFORNIA,LAX - Los Angeles,DELTA,86,12
US,OREGON,EUG - Eugene,DELTA,96,-7
US,OREGON,EUG - Eugene,AMERICAN AIRLINES,79,0
US,CALIFORNIA,SFO - San Francisco,AMERICAN AIRLINES,75,-4
US,CALIFORNIA,LAX - Los Angeles,SPIRIT AIRLINES,141,16
US,OREGON,PDX - Portland,SOUTHWEST AIRLINES,84,-9
US,OREGON,EUG - Eugene,UNITED AIRLINES,146,-1
US,CALIFORNIA,LAX - Los Angeles,JETBLUE,141,-6
US,CALIFORNIA,SFO - San Francisco,DELTA,102,10
US,WASHINGTON,GEG - Spokane,DELTA,99,0
US,OREGON,PDX - Portland,DELTA,57,-5
US,OREGON,PDX - Portland,AMERICAN AIRLINES,58,18
US,OREGON,EUG - Eugene,SOUTHWEST AIRLINES,107,13
US,CALIFORNIA,SFO - San Francisco,DELTA,143,11
US,CALIFORNIA,SFO - San Francisco,DELTA,66,2
US,WASHINGTON,GEG - Spokane,SOUTHWEST AIRLINES,64,5
US,OREGON,EUG - Eugene,AMERICAN AIRLINES,132,-7
US,OREGON,EUG - Eugene,SOUTHWEST AIRLINES,61,4
US,OREGON,PDX - Portland,SPIRIT AIRLINES,67,6
US,OREGON,EUG - Eugene,AMERICAN AIRLINES,116,20
US,WASHINGTON,SEA - Seattle,JETBLUE,148,19
US,CALIFORNIA,LAX - Los Angeles,AMERICAN AIRLINES,82,6
US,CALIFORNIA,SFO - San Francisco,SOUTHWEST AIRLINES,109,10
US,CALIFORNIA,SFO - San Francisco,UNITED AIRLINES,102,7
US,WASHINGTON,SEA - Seattle,SOUTHWEST AIRLINES,113,20
US,WASHINGTON,SEA - Seattle,SPIRIT AIRLINES,120,5
US,WASHINGTON,SEA - Seattle,DELTA,85,-10
US,WASHINGTON,SEA - Seattle,DELTA,97,5
US,OREGON,PDX - Portland,SOUTHWEST AIRLINES,138,-2
US,OREGON,PDX - Portland,SOUTHWEST AIRLINES,79,2
US,CALIFORNIA,SFO - San Francisco,SPIRIT AIRLINES,111,-2
US,OREGON,PDX - Portland,AMERICAN AIRLINES,64,-8
US,OREGON,EUG - Eugene,SOUTHWEST AIRLINES,145,11
US,WASHINGTON,GEG - Spokane,DELTA,112,14
US,OREGON,EUG - Eugene,UNITED AIRLINES,92,2
US,WASHINGTON,GEG - Spokane,SOUTHWEST AIRLINES,92,18
US,WASHINGTON,GEG - Spokane,DELTA,87,11
US,WASHINGTON,SEA - Seattle,AMERICAN AIRLINES,75,2
US,WASHINGTON,GEG - Spokane,ALASKA AIRLINES,82,12
US,WASHINGTON,GEG - Spokane,JETBLUE,149,4
US,CALIFORNIA,LAX - Los Angeles,AMERICAN AIRLINES,90,5
US,CALIFORNIA,LAX - Los Angeles,AMERICAN AIRLINES,81,4
US,WASHINGTON,SEA - Seattle,AMERICAN AIRLINES,58,-9
US,OREGON,PDX - Portland,AMERICAN AIRLINES,98,10
US,WASHINGTON,SEA - Seattle,AMERICAN AIRLINES,120,17
US,OREGON,PDX - Portland,AMERICAN AIRLINES,67,18
US,WASHINGTON,GEG - Spokane,DELTA,135,-6
US,CALIFORNIA,SFO - San Francisco,SPIRIT AIRLINES,91,10
US,OREGON,EUG - Eugene,ALASKA AIRLINES,51,11
US,CALIFORNIA,SFO - San Francisco,SOUTHWEST AIRLINES,69,-6
US,WASHINGTON,GEG - Spokane,DELTA,58,-8
US,CALIFORNIA,SFO - San Francisco,AMERICAN AIRLINES,105,15
US,WASHINGTON,GEG - Spokane,SOUTHWEST AIRLINES,114,-5
US,WASHINGTON,SEA - Seattle,AMERICAN AIRLINES,51,12
US,CALIFORNIA,SFO - San Francisco,JETBLUE,114,-3
US,OREGON,EUG - Eugene,UNITED AIRLINES,64,-3
US,WASHINGTON,GEG - Spokane,ALASKA AIRLINES,90,14
US,CALIFORNIA,LAX - Los Angeles,DELTA,64,18
US,CALIFORNIA,SFO - San Francisco,AMERICAN AIRLINES,118,-7
US,OREGON,PDX - Portland,JETBLUE,128,6
US,OREGON,EUG - Eugene,SOUTHWEST AIRLINES,51,14
US,WASHINGTON,GEG - Spokane,UNITED AIRLINES,70,-4
US,OREGON,PDX - Portland,AMERICAN AIRLINES,93,-9
US,OREGON,EUG - Eugene,AMERICAN AIRLINES,128,14
US,CALIFORNIA,SFO - San Francisco,JETBLUE,64,12
US,OREGON,EUG - Eugene,AMERICAN AIRLINES,76,3
US,WASHINGTON,SEA - Seattle,UNITED AIRLINES,91,11
US,OREGON,PDX - Portland,AMERICAN AIRLINES,75,9
US,OREGON,PDX - Portland,DELTA,126,-5
US,WASHINGTON,GEG - Spokane,ALASKA AIRLINES,137,-6
US,WASHINGTON,GEG - Spokane,SPIRIT AIRLINES,80,6
US,OREGON,EUG - Eugene,UNITED AIRLINES,82,9
US,CALIFORNIA,LAX - Los Angeles,DELTA,59,11
US,WASHINGTON,GEG - Spokane,ALASKA AIRLINES,132,9
US,CALIFORNIA,SFO - San Francisco,SPIRIT AIRLINES,63,5
US,CALIFORNIA,LAX - Los Angeles,ALASKA AIRLINES,119,0
US,WASHINGTON,SEA - Seattle,ALASKA AIRLINES,50,-8
US,CALIFORNIA,SFO - San Francisco,SPIRIT AIRLINES,59,-1
US,OREGON,EUG - Eugene,DELTA,76,11
US,CALIFORNIA,LAX - Los Angeles,UNITED AIRLINES,121,2
US,CALIFORNIA,SFO - San Francisco,SOUTHWEST AIRLINES,74,10
US,WASHINGTON,SEA - Seattle,SPIRIT AIRLINES,55,8
US,WASHINGTON,GEG - Spokane,AMERICAN AIRLINES,130,0
US,OREGON,EUG - Eugene,AMERICAN AIRLINES,98,14
US,WASHINGTON,SEA - Seattle,SOUTHWEST AIRLINES,100,8
US,CALIFORNIA,SFO - San Francisco,JETBLUE,53,-3
US,WASHINGTON,GEG - Spokane,ALASKA AIRLINES,54,10
US,CALIFORNIA,LAX - Los Angeles,SPIRIT AIRLINES,121,16
US,CALIFORNIA,LAX - Los Angeles,SPIRIT AIRLINES,83,0
US,OREGON,PDX - Portland,SPIRIT AIRLINES,131,-9
US,CALIFORNIA,SFO - San Francisco,SOUTHWEST AIRLINES,139,14
US,WASHINGTON,SEA - Seattle,DELTA,83,10
US,CALIFORNIA,LAX - Los Angeles,SOUTHWEST AIRLINES,94,-5
US,CALIFORNIA,LAX - Los Angeles,ALASKA AIRLINES,145,-6
US,WASHINGTON,GEG - Spokane,DELTA,141,16
US,OREGON,PDX - Portland,ALASKA AIRLINES,138,-10
US,WASHINGTON,GEG - Spokane,DELTA,140,-7
US,WASHINGTON,SEA - Seattle,SPIRIT AIRLINES,95,-2
US,OREGON,EUG - Eugene,UNITED AIRLINES,135,15
US,WASHINGTON,GEG - Spokane,DELTA,93,7
US,CALIFORNIA,LAX - Los Angeles,UNITED AIRLINES,133,12
US,CALIFORNIA,LAX - Los Angeles,SPIRIT AIRLINES,107,15
US,WASHINGTON,SEA - Seattle,AMERICAN AIRLINES,103,8
US,CALIFORNIA,SFO - San Francisco,JETBLUE,66,9
US,CALIFORNIA,LAX - Los Angeles,SOUTHWEST AIRLINES,127,6
US,WASHINGTON,SEA - Seattle,DELTA,66,9
US,CALIFORNIA,SFO - San Francisco,SPIRIT AIRLINES,138,0
US,WASHINGTON,GEG - Spokane,DELTA,126,-9
US,WASHINGTON,SEA - Seattle,JETBLUE,124,2
US,OREGON,EUG - Eugene,DELTA,143,14
US,WASHINGTON,GEG - Spokane,DELTA,135,-6
US,WASHINGTON,GEG - Spokane,SOUTHWEST AIRLINES,87,8
US,OREGON,EUG - Eugene,SOUTHWEST AIRLINES,74,14
US,WASHINGTON,SEA - Seattle,UNITED AIRLINES,79,-3
US,OREGON,PDX - Portland,UNITED AIRLINES,81,17
US,WASHINGTON,GEG - Spokane,JETBLUE,82,19
US,OREGON,EUG - Eugene,SOUTHWEST AIRLINES,128,8
US,OREGON,PDX - Portland,ALASKA AIRLINES,115,-1
US,CALIFORNIA,LAX - Los Angeles,UNITED AIRLINES,78,11
US,CALIFORNIA,LAX - Los Angeles,DELTA,68,16
US,CALIFORNIA,LAX - Los Angeles,JETBLUE,135,10
US,WASHINGTON,SEA - Seattle,ALASKA AIRLINES,140,-6
US,OREGON,EUG - Eugene,JETBLUE,150,-3
US,OREGON,PDX - Portland,SOUTHWEST AIRLINES,134,13
US,CALIFORNIA,LAX - Los Angeles,SOUTHWEST AIRLINES,126,20
US,OREGON,EUG - Eugene,DELTA,56,11
US,CALIFORNIA,SFO - San Francisco,SOUTHWEST AIRLINES,110,18
US,CALIFORNIA,LAX - Los Angeles,JETBLUE,111,9
US,OREGON,EUG - Eugene,SOUTHWEST AIRLINES,119,4
US,CALIFORNIA,SFO - San Francisco,SPIRIT AIRLINES,55,16
US,CALIFORNIA,LAX - Los Angeles,AMERICAN AIRLINES,144,15
US,OREGON,PDX - Portland,DELTA,100,17
US,WASHINGTON,SEA - Seattle,UNITED AIRLINES,127,-5
US,CALIFORNIA,LAX - Los Angeles,SPIRIT AIRLINES,136,-2
US,WASHINGTON,GEG - Spokane,SPIRIT AIRLINES,142,-8
US,WASHINGTON,GEG - Spokane,ALASKA AIRLINES,132,12
US,CALIFORNIA,SFO - San Francisco,JETBLUE,121,-10
US,WASHINGTON,SEA - Seattle,SOUTHWEST AIRLINES,142,-6
US,WASHINGTON,GEG - Spokane,AMERICAN AIRLINES,111,4
US,CALIFORNIA,SFO - San Francisco,AMERICAN AIRLINES,115,18
US,WASHINGTON,SEA - Seattle,UNITED AIRLINES,105,9
US,OREGON,EUG - Eugene,JETBLUE,146,13
US,CALIFORNIA,SFO - San Francisco,JETBLUE,115,12
US,WASHINGTON,GEG - Spokane,DELTA,95,1
US,CALIFORNIA,SFO - San Francisco,ALASKA AIRLINES,137,6
US,WASHINGTON,GEG - Spokane,SPIRIT AIRLINES,61,11
US,CALIFORNIA,SFO - San Francisco,DELTA,120,11
US,OREGON,PDX - Portland,SOUTHWEST AIRLINES,56,12
US,OREGON,PDX - Portland,SPIRIT AIRLINES,93,10
US,CALIFORNIA,SFO - San Francisco,AMERICAN AIRLINES,146,-9
US,WASHINGTON,GEG - Spokane,ALASKA AIRLINES,107,14
US,CALIFORNIA,SFO - San Francisco,SPIRIT AIRLINES,60,-3
US,WASHINGTON,SEA - Seattle,SPIRIT AIRLINES,119,1
US,WASHINGTON,SEA - Seattle,SPIRIT AIRLINES,83,6
US,WASHINGTON,GEG - Spokane,ALASKA AIRLINES,88,13
US,OREGON,PDX - Portland,ALASKA AIRLINES,111,12
US,WASHINGTON,GEG - Spokane,SOUTHWEST AIRLINES,111,12
US,OREGON,EUG - Eugene,ALASKA AIRLINES,84,5
US,CALIFORNIA,SFO - San Francisco,JETBLUE,62,-6
US,CALIFORNIA,LAX - Los Angeles,DELTA,76,6
US,OREGON,PDX - Portland,JETBLUE,136,12
US,OREGON,EUG - Eugene,UNITED AIRLINES,90,13
US,CALIFORNIA,LAX - Los Angeles,DELTA,87,12
US,CALIFORNIA,SFO - San Francisco,SPIRIT AIRLINES,104,-2
US,CALIFORNIA,SFO - San Francisco,SPIRIT AIRLINES,124,7
US,WASHINGTON,SEA - Seattle,SPIRIT AIRLINES,52,6
US,CALIFORNIA,LAX - Los Angeles,JETBLUE,94,-6
US,WASHINGTON,GEG - Spokane,ALASKA AIRLINES,132,1
US,WASHINGTON,SEA - Seattle,SPIRIT AIRLINES,52,-1
US,OREGON,PDX - Portland,SOUTHWEST AIRLINES,104,8
US,OREGON,EUG - Eugene,SOUTHWEST AIRLINES,74,17
US,WASHINGTON,SEA - Seattle,UNITED AIRLINES,94,-9
US,WASHINGTON,GEG - Spokane,ALASKA AIRLINES,100,14
US,OREGON,PDX - Portland,JETBLUE,124,-6
US,WASHINGTON,SEA - Seattle,UNITED AIRLINES,128,-8
US,WASHINGTON,GEG - Spokane,DELTA,52,-3
US,WASHINGTON,SEA - Seattle,AMERICAN AIRLINES,121,15
US,CALIFORNIA,LAX - Los Angeles,SPIRIT AIRLINES,148,19
US,CALIFORNIA,SFO - San Francisco,ALASKA AIRLINES,58,-1
US,WASHINGTON,SEA - Seattle,ALASKA AIRLINES,114,17
US,OREGON,EUG - Eugene,SPIRIT AIRLINES,133,18
US,CALIFORNIA,LAX - Los Angeles,JETBLUE,138,-7
US,WASHINGTON,GEG - Spokane,UNITED AIRLINES,102,-6
US,OREGON,PDX - Portland,JETBLUE,113,1
US,CALIFORNIA,LAX - Los Angeles,UNITED AIRLINES,59,4
US,OREGON,PDX - Portland,ALASKA AIRLINES,63,16
US,OREGON,PDX - Portland,DELTA,122,18
US,WASHINGTON,GEG - Spokane,DELTA,133,16
US,OREGON,EUG - Eugene,SPIRIT AIRLINES,143,8
US,WASHINGTON,SEA - Seattle,ALASKA AIRLINES,117,13
US,OREGON,EUG - Eugene,DELTA,84,13
US,OREGON,PDX - Portland,DELTA,103,-4
US,CALIFORNIA,SFO - San Francisco,SOUTHWEST AIRLINES,58,15
US,CALIFORNIA,SFO - San Francisco,DELTA,150,11
US,WASHINGTON,SEA - Seattle,UNITED AIRLINES,122,1
US,CALIFORNIA,LAX - Los Angeles,SPIRIT AIRLINES,81,-3
US,OREGON,PDX - Portland,DELTA,91,-8
US,WASHINGTON,GEG - Spokane,SOUTHWEST AIRLINES,60,8
US,OREGON,PDX - Portland,AMERICAN AIRLINES,64,-8
US,CALIFORNIA,SFO - San Francisco,JETBLUE,88,13
US,CALIFORNIA,SFO - San Francisco,DELTA,106,-10
US,CALIFORNIA,SFO - San Francisco,ALASKA AIRLINES,86,-5
US,CALIFORNIA,LAX - Los Angeles,AMERICAN AIRLINES,120,13
US,WASHINGTON,SEA - Seattle,SOUTHWEST AIRLINES,59,7
US,OREGON,PDX - Portland,JETBLUE,109,4
US,WASHINGTON,GEG - Spokane,AMERICAN AIRLINES,106,9
US,OREGON,EUG - Eugene,DELTA,78,-1
US,WASHINGTON,SEA - Seattle,AMERICAN AIRLINES,124,-5
US,CALIFORNIA,LAX - Los Angeles,SOUTHWEST AIRLINES,147,5
US,WASHINGTON,GEG - Spokane,UNITED AIRLINES,105,13
US,OREGON,EUG - Eugene,AMERICAN AIRLINES,70,-7
US,WASHINGTON,SEA - Seattle,JETBLUE,102,0
US,OREGON,PDX - Portland,JETBLUE,53,13
US,CALIFORNIA,LAX - Los Angeles,DELTA,119,11
US,WASHINGTON,GEG - Spokane,SPIRIT AIRLINES,149,17
US,OREGON,PDX - Portland,JETBLUE,122,0
US,WASHINGTON,GEG - Spokane,DELTA,106,2
US,WASHINGTON,SEA - Seattle,DELTA,143,18
US,OREGON,EUG - Eugene,SOUTHWEST AIRLINES,117,10
US,CALIFORNIA,SFO - San Francisco,JETBLUE,115,-8
US,OREGON,PDX - Portland,AMERICAN AIRLINES,135,-2
US,CALIFORNIA,SFO - San Francisco,DELTA,111,19
US,CALIFORNIA,SFO - San Francisco,ALASKA AIRLINES,123,-5
US,WASHINGTON,SEA - Seattle,AMERICAN AIRLINES,138,8
US,CALIFORNIA,SFO - San Francisco,UNITED AIRLINES,141,4
US,WASHINGTON,SEA - Seattle,UNITED AIRLINES,73,-4
US,OREGON,PDX - Portland,SPIRIT AIRLINES,66,17
US,OREGON,PDX - Portland,AMERICAN AIRLINES,85,17
US,WASHINGTON,SEA - Seattle,UNITED AIRLINES,54,1
US,WASHINGTON,GEG - Spokane,SPIRIT AIRLINES,130,14
US,OREGON,PDX - Portland,ALASKA AIRLINES,75,10
US,CALIFORNIA,SFO - San Francisco,ALASKA AIRLINES,84,4
US,CALIFORNIA,LAX - Los Angeles,SPIRIT AIRLINES,61,16
US,OREGON,PDX - Portland,SOUTHWEST AIRLINES,148,0
US,OREGON,EUG - Eugene,DELTA,52,-5
US,OREGON,EUG - Eugene,ALASKA AIRLINES,143,17
US,CALIFORNIA,SFO - San Francisco,UNITED AIRLINES,101,10
US,CALIFORNIA,SFO - San Francisco,ALASKA AIRLINES,136,16
US,OREGON,EUG - Eugene,AMERICAN AIRLINES,95,17
US,WASHINGTON,SEA - Seattle,SOUTHWEST AIRLINES,69,11
US,CALIFORNIA,LAX - Los Angeles,DELTA,55,-3
US,OREGON,EUG - Eugene,DELTA,80,19
US,WASHINGTON,GEG - Spokane,UNITED AIRLINES,115,7
US,WASHINGTON,SEA - Seattle,SOUTHWEST AIRLINES,141,-6
US,WASHINGTON,GEG - Spokane,JETBLUE,94,-4
US,CALIFORNIA,SFO - San Francisco,JETBLUE,140,15
US,WASHINGTON,GEG - Spokane,JETBLUE,97,20
US,CALIFORNIA,SFO - San Francisco,UNITED AIRLINES,115,-6
US,WASHINGTON,SEA - Seattle,SPIRIT AIRLINES,143,19
US,WASHINGTON,GEG - Spokane,UNITED AIRLINES,69,10
US,OREGON,EUG - Eugene,ALASKA AIRLINES,53,20
US,CALIFORNIA,SFO - San Francisco,JETBLUE,62,9
US,CALIFORNIA,SFO - San Francisco,AMERICAN AIRLINES,131,18
US,OREGON,PDX - Portland,SOUTHWEST AIRLINES,93,11
US,OREGON,EUG - Eugene,DELTA,61,13
US,OREGON,EUG - Eugene,DELTA,126,12
US,OREGON,PDX - Portland,UNITED AIRLINES,103,8
US,WASHINGTON,GEG - Spokane,SPIRIT AIRLINES,115,3
US,CALIFORNIA,SFO - San Francisco,AMERICAN AIRLINES,118,-4
US,CALIFORNIA,LAX - Los Angeles,AMERICAN AIRLINES,100,-5
US,WASHINGTON,GEG - Spokane,UNITED AIRLINES,101,-4
US,WASHINGTON,GEG - Spokane,ALASKA AIRLINES,51,17
US,CALIFORNIA,LAX - Los Angeles,AMERICAN AIRLINES,54,0
US,WASHINGTON,GEG - Spokane,JETBLUE,107,5
US,CALIFORNIA,SFO - San Francisco,AMERICAN AIRLINES,79,-9
US,WASHINGTON,SEA - Seattle,ALASKA AIRLINES,68,-10
US,OREGON,EUG - Eugene,DELTA,132,12
US,OREGON,PDX - Portland,ALASKA AIRLINES,115,0
US,WASHINGTON,SEA - Seattle,SPIRIT AIRLINES,104,9
US,OREGON,EUG - Eugene,SPIRIT AIRLINES,84,-9
US,OREGON,EUG - Eugene,AMERICAN AIRLINES,103,16
US,OREGON,EUG - Eugene,DELTA,87,-7
US,CALIFORNIA,SFO - San Francisco,ALASKA AIRLINES,59,-7
US,CALIFORNIA,LAX - Los Angeles,SPIRIT AIRLINES,59,13
US,CALIFORNIA,LAX - Los Angeles,AMERICAN AIRLINES,113,18
US,OREGON,PDX - Portland,DELTA,63,-5
US,WASHINGTON,GEG - Spokane,SPIRIT AIRLINES,140,19
US,CALIFORNIA,SFO - San Francisco,AMERICAN AIRLINES,56,16
US,WASHINGTON,GEG - Spokane,SOUTHWEST AIRLINES,80,18
US,CALIFORNIA,LAX - Los Angeles,JETBLUE,101,-7
US,WASHINGTON,GEG - Spokane,JETBLUE,109,15
US,OREGON,EUG - Eugene,ALASKA AIRLINES,71,-5
US,CALIFORNIA,LAX - Los Angeles,SPIRIT AIRLINES,106,0
US,CALIFORNIA,SFO - San Francisco,JETBLUE,60,10
US,WASHINGTON,GEG - Spokane,DELTA,126,2
US,WASHINGTON,SEA - Seattle,ALASKA AIRLINES,124,-3
US,OREGON,EUG - Eugene,DELTA,73,3
US,OREGON,EUG - Eugene,AMERICAN AIRLINES,67,13
US,OREGON,PDX - Portland,SOUTHWEST AIRLINES,130,19
US,OREGON,PDX - Portland,SPIRIT AIRLINES,78,6
US,OREGON,PDX - Portland,AMERICAN AIRLINES,118,18
US,CALIFORNIA,LAX - Los Angeles,DELTA,142,-8
US,WASHINGTON,GEG - Spokane,DELTA,96,1
US,OREGON,EUG - Eugene,ALASKA AIRLINES,122,16
US,CALIFORNIA,LAX - Los Angeles,ALASKA AIRLINES,134,13
US,CALIFORNIA,LAX - Los Angeles,SPIRIT AIRLINES,81,-2
US,WASHINGTON,SEA - Seattle,SOUTHWEST AIRLINES,124,-6
US,OREGON,EUG - Eugene,SPIRIT AIRLINES,85,1
US,CALIFORNIA,SFO - San Francisco,ALASKA AIRLINES,118,8
US,WASHINGTON,GEG - Spokane,DELTA,127,-6
US,CALIFORNIA,LAX - Los Angeles,UNITED AIRLINES,74,-9
US,OREGON,PDX - Portland,ALASKA AIRLINES,81,9
US,CALIFORNIA,SFO - San Francisco,SPIRIT AIRLINES,97,-2
US,WASHINGTON,SEA - Seattle,AMERICAN AIRLINES,116,2
US,OREGON,EUG - Eugene,UNITED AIRLINES,112,19
US,CALIFORNIA,SFO - San Francisco,DELTA,148,5
US,OREGON,EUG - Eugene,UNITED AIRLINES,104,-3
US,WASHINGTON,GEG - Spokane,ALASKA AIRLINES,116,4
US,OREGON,PDX - Portland,SOUTHWEST AIRLINES,76,5
US,CALIFORNIA,SFO - San Francisco,ALASKA AIRLINES,66,5
US,OREGON,EUG - Eugene,DELTA,149,-4
US,OREGON,PDX - Portland,AMERICAN AIRLINES,116,8
US,OREGON,PDX - Portland,UNITED AIRLINES,114,0
US,CALIFORNIA,LAX - Los Angeles,SPIRIT AIRLINES,148,4
US,WASHINGTON,GEG - Spokane,AMERICAN AIRLINES,92,-4
US,OREGON,PDX - Portland,UNITED AIRLINES,119,-10
US,WASHINGTON,SEA - Seattle,SPIRIT AIRLINES,117,-8
US,OREGON,PDX - Portland,JETBLUE,77,17
US,OREGON,PDX - Portland,SOUTHWEST AIRLINES,109,16
US,CALIFORNIA,LAX - Los Angeles,AMERICAN AIRLINES,69,-2
US,CALIFORNIA,LAX - Los Angeles,JETBLUE,102,17
US,CALIFORNIA,SFO - San Francisco,DELTA,127,14
US,OREGON,EUG - Eugene,DELTA,77,5
US,OREGON,PDX - Portland,SOUTHWEST AIRLINES,123,4
US,WASHINGTON,SEA - Seattle,DELTA,122,-9
US,WASHINGTON,SEA - Seattle,SPIRIT AIRLINES,51,7
US,CALIFORNIA,LAX - Los Angeles,SPIRIT AIRLINES,146,16
US,CALIFORNIA,LAX - Los Angeles,DELTA,71,-4
US,CALIFORNIA,LAX - Los Angeles,AMERICAN AIRLINES,111,-5
US,OREGON,EUG - Eugene,AMERICAN AIRLINES,113,-8
US,WASHINGTON,GEG - Spokane,SOUTHWEST AIRLINES,60,12
US,OREGON,PDX - Portland,UNITED AIRLINES,88,-1
US,CALIFORNIA,SFO - San Francisco,DELTA,150,-8
US,OREGON,PDX - Portland,AMERICAN AIRLINES,69,1
US,CALIFORNIA,SFO - San Francisco,AMERICAN AIRLINES,130,-3
US,WASHINGTON,SEA - Seattle,SPIRIT AIRLINES,94,1
US,OREGON,EUG - Eugene,SOUTHWEST AIRLINES,138,13
US,WASHINGTON,GEG - Spokane,UNITED AIRLINES,59,-4
US,WASHINGTON,SEA - Seattle,AMERICAN AIRLINES,124,-6
US,WASHINGTON,SEA - Seattle,UNITED AIRLINES,119,16
US,OREGON,EUG - Eugene,ALASKA AIRLINES,53,17
US,OREGON,PDX - Portland,SOUTHWEST AIRLINES,85,16
US,CALIFORNIA,SFO - San Francisco,UNITED AIRLINES,67,18
US,CALIFORNIA,SFO - San Francisco,AMERICAN AIRLINES,121,4
US,OREGON,PDX - Portland,SPIRIT AIRLINES,56,1
US,CALIFORNIA,SFO - San Francisco,SPIRIT AIRLINES,89,19
US,WASHINGTON,SEA - Seattle,UNITED AIRLINES,128,4
US,WASHINGTON,GEG - Spokane,SOUTHWEST AIRLINES,77,-2
US,CALIFORNIA,SFO - San Francisco,AMERICAN AIRLINES,125,3
US,CALIFORNIA,LAX - Los Angeles,DELTA,106,11
US,WASHINGTON,SEA - Seattle,ALASKA AIRLINES,111,13
US,CALIFORNIA,LAX - Los Angeles,JETBLUE,116,4
US,OREGON,PDX - Portland,AMERICAN AIRLINES,137,3
US,OREGON,PDX - Portland,JETBLUE,129,-2
US,OREGON,PDX - Portland,ALASKA AIRLINES,130,18
US,CALIFORNIA,SFO - San Francisco,SPIRIT AIRLINES,54,-7
US,WASHINGTON,GEG - Spokane,SPIRIT AIRLINES,146,-3
US,WASHINGTON,GEG - Spokane,AMERICAN AIRLINES,60,1
US,OREGON,PDX - Portland,SPIRIT AIRLINES,62,11
US,CALIFORNIA,LAX - Los Angeles,ALASKA AIRLINES,100,1
US,WASHINGTON,SEA - Seattle,AMERICAN AIRLINES,130,9
US,OREGON,PDX - Portland,ALASKA AIRLINES,101,-10
US,WASHINGTON,GEG - Spokane,JETBLUE,94,-5
US,OREGON,EUG - Eugene,SOUTHWEST AIRLINES,121,9
US,OREGON,PDX - Portland,SPIRIT AIRLINES,84,9
US,WASHINGTON,SEA - Seattle,DELTA,89,19
US,OREGON,PDX - Portland,UNITED AIRLINES,125,-6
US,OREGON,EUG - Eugene,UNITED AIRLINES,135,0
US,CALIFORNIA,LAX - Los Angeles,SPIRIT AIRLINES,94,15
US,OREGON,PDX - Portland,ALASKA AIRLINES,79,-10
US,WASHINGTON,SEA - Seattle,UNITED AIRLINES,129,3
US,OREGON,PDX - Portland,SOUTHWEST AIRLINES,68,16
US,OREGON,PDX - Portland,SPIRIT AIRLINES,121,5
US,OREGON,PDX - Portland,AMERICAN AIRLINES,70,-1
US,WASHINGTON,GEG - Spokane,ALASKA AIRLINES,107,-1
US,WASHINGTON,GEG - Spokane,SPIRIT AIRLINES,128,20
US,CALIFORNIA,LAX - Los Angeles,AMERICAN AIRLINES,63,11
US,OREGON,EUG - Eugene,DELTA,81,19
US,CALIFORNIA,LAX - Los Angeles,ALASKA AIRLINES,146,13
US,OREGON,PDX - Portland,SPIRIT AIRLINES,70,4
US,WASHINGTON,SEA - Seattle,UNITED AIRLINES,138,19
US,WASHINGTON,GEG - Spokane,ALASKA AIRLINES,98,19
US,WASHINGTON,SEA - Seattle,SOUTHWEST AIRLINES,77,-9
US,OREGON,PDX - Portland,JETBLUE,55,12
US,OREGON,PDX - Portland,JETBLUE,92,-6
US,WASHINGTON,GEG - Spokane,SOUTHWEST AIRLINES,55,-4
US,WASHINGTON,GEG - Spokane,SOUTHWEST AIRLINES,133,19
US,OREGON,EUG - Eugene,JETBLUE,100,6
US,CALIFORNIA,SFO - San Francisco,ALASKA AIRLINES,118,-5
US,OREGON,PDX - Portland,ALASKA AIRLINES,141,15
US,CALIFORNIA,LAX - Los Angeles,SPIRIT AIRLINES,103,-4
US,OREGON,EUG - Eugene,UNITED AIRLINES,132,0
US,WASHINGTON,GEG - Spokane,AMERICAN AIRLINES,62,-4
US,WASHINGTON,GEG - Spokane,JETBLUE,121,8
US,OREGON,PDX - Portland,ALASKA AIRLINES,144,10
US,OREGON,EUG - Eugene,AMERICAN AIRLINES,92,15
US,OREGON,PDX - Portland,AMERICAN AIRLINES,132,-6
US,OREGON,PDX - Portland,UNITED AIRLINES,60,12
US,CALIFORNIA,LAX - Los Angeles,AMERICAN AIRLINES,111,-4
US,OREGON,EUG - Eugene,ALASKA AIRLINES,74,-6
US,CALIFORNIA,SFO - San Francisco,JETBLUE,132,11
US,WASHINGTON,GEG - Spokane,JETBLUE,104,17
US,OREGON,EUG - Eugene,SPIRIT AIRLINES,115,9
US,OREGON,PDX - Portland,UNITED AIRLINES,60,10
US,OREGON,EUG - Eugene,SOUTHWEST AIRLINES,119,20
US,CALIFORNIA,LAX - Los Angeles,DELTA,62,-9
US,WASHINGTON,GEG - Spokane,SPIRIT AIRLINES,146,13
US,CALIFORNIA,LAX - Los Angeles,DELTA,71,-5
US,CALIFORNIA,SFO - San Francisco,DELTA,127,7
US,WASHINGTON,SEA - Seattle,JETBLUE,143,17
US,OREGON,PDX - Portland,SOUTHWEST AIRLINES,54,16
US,OREGON,EUG - Eugene,AMERICAN AIRLINES,78,4
US,OREGON,EUG - Eugene,UNITED AIRLINES,125,14
US,OREGON,EUG - Eugene,UNITED AIRLINES,90,3
US,WASHINGTON,GEG - Spokane,AMERICAN AIRLINES,91,7
US,WASHINGTON,GEG - Spokane,ALASKA AIRLINES,88,-7
US,CALIFORNIA,SFO - San Francisco,AMERICAN AIRLINES,75,-10
US,WASHINGTON,SEA - Seattle,DELTA,116,-8
US,OREGON,PDX - Portland,AMERICAN AIRLINES,136,-7
US,OREGON,PDX - Portland,SPIRIT AIRLINES,101,-6
US,OREGON,EUG - Eugene,JETBLUE,123,-4
US,OREGON,PDX - Portland,SPIRIT AIRLINES,63,7
US,WASHINGTON,GEG - Spokane,ALASKA AIRLINES,65,-10
US,WASHINGTON,GEG - Spokane,SPIRIT AIRLINES,85,-6
US,WASHINGTON,SEA - Seattle,UNITED AIRLINES,147,9
US,WASHINGTON,SEA - Seattle,SPIRIT AIRLINES,58,7
US,CALIFORNIA,LAX - Los Angeles,UNITED AIRLINES,74,-9
US,WASHINGTON,SEA - Seattle,SOUTHWEST AIRLINES,119,11
US,CALIFORNIA,LAX - Los Angeles,ALASKA AIRLINES,107,1
US,CALIFORNIA,SFO - San Francisco,SPIRIT AIRLINES,114,19
US,WASHINGTON,GEG - Spokane,JETBLUE,75,17
US,WASHINGTON,SEA - Seattle,SPIRIT AIRLINES,73,17
US,WASHINGTON,GEG - Spokane,SPIRIT AIRLINES,111,20
US,OREGON,PDX - Portland,SPIRIT AIRLINES,142,-7
US,CALIFORNIA,SFO - San Francisco,JETBLUE,102,14
US,WASHINGTON,GEG - Spokane,ALASKA AIRLINES,140,12
US,CALIFORNIA,LAX - Los Angeles,AMERICAN AIRLINES,94,1
US,WASHINGTON,SEA - Seattle,ALASKA AIRLINES,111,19
US,OREGON,PDX - Portland,DELTA,115,20
US,OREGON,PDX - Portland,ALASKA AIRLINES,127,0
US,WASHINGTON,SEA - Seattle,SOUTHWEST AIRLINES,130,18
US,WASHINGTON,SEA - Seattle,JETBLUE,75,18
US,OREGON,EUG - Eugene,ALASKA AIRLINES,124,-10
US,WASHINGTON,SEA - Seattle,SOUTHWEST AIRLINES,92,6
US,OREGON,PDX - Portland,SOUTHWEST AIRLINES,63,16
US,OREGON,EUG - Eugene,UNITED AIRLINES,106,-5
US,WASHINGTON,GEG - Spokane,AMERICAN AIRLINES,54,19
US,WASHINGTON,GEG - Spokane,JETBLUE,133,7
US,OREGON,EUG - Eugene,SPIRIT AIRLINES,97,19
US,CALIFORNIA,LAX - Los Angeles,DELTA,74,15
US,WASHINGTON,SEA - Seattle,SOUTHWEST AIRLINES,70,7
US,WASHINGTON,GEG - Spokane,ALASKA AIRLINES,53,17
US,CALIFORNIA,SFO - San Francisco,JETBLUE,98,2
US,OREGON,EUG - Eugene,AMERICAN AIRLINES,75,-9
US,CALIFORNIA,LAX - Los Angeles,SOUTHWEST AIRLINES,102,0
US,WASHINGTON,SEA - Seattle,JETBLUE,121,5
US,OREGON,PDX - Portland,ALASKA AIRLINES,127,-8
US,CALIFORNIA,LAX - Los Angeles,AMERICAN AIRLINES,129,13
US,WASHINGTON,GEG - Spokane,ALASKA AIRLINES,85,15
US,WASHINGTON,SEA - Seattle,DELTA,67,-7
US,OREGON,EUG - Eugene,AMERICAN AIRLINES,110,11
US,WASHINGTON,GEG - Spokane,ALASKA AIRLINES,65,-10
US,WASHINGTON,GEG - Spokane,ALASKA AIRLINES,57,17
US,OREGON,EUG - Eugene,UNITED AIRLINES,117,-10
US,OREGON,PDX - Portland,SOUTHWEST AIRLINES,57,5
US,OREGON,EUG - Eugene,JETBLUE,74,3
US,CALIFORNIA,SFO - San Francisco,ALASKA AIRLINES,58,19
US,CALIFORNIA,SFO - San Francisco,SPIRIT AIRLINES,83,5
US,OREGON,PDX - Portland,ALASKA AIRLINES,113,19
US,CALIFORNIA,LAX - Los Angeles,ALASKA AIRLINES,148,8
US,CALIFORNIA,LAX - Los Angeles,SPIRIT AIRLINES,118,2
US,WASHINGTON,SEA - Seattle,UNITED AIRLINES,142,-2
US,WASHINGTON,SEA - Seattle,JETBLUE,92,-7
US,CALIFORNIA,SFO - San Francisco,SPIRIT AIRLINES,68,-1
US,WASHINGTON,SEA - Seattle,SOUTHWEST AIRLINES,137,9
US,OREGON,PDX - Portland,UNITED AIRLINES,83,-2
US,CALIFORNIA,LAX - Los Angeles,UNITED AIRLINES,67,7
US,CALIFORNIA,SFO - San Francisco,DELTA,74,12
US,CALIFORNIA,SFO - San Francisco,SPIRIT AIRLINES,85,-9
US,WASHINGTON,GEG - Spokane,ALASKA AIRLINES,77,16
US,OREGON,EUG - Eugene,ALASKA AIRLINES,113,-1
US,CALIFORNIA,SFO - San Francisco,SPIRIT AIRLINES,117,-9
US,CALIFORNIA,SFO - San Francisco,JETBLUE,81,20
US,CALIFORNIA,LAX - Los Angeles,JETBLUE,111,1
US,CALIFORNIA,SFO - San Francisco,DELTA,115,-7
US,OREGON,EUG - Eugene,SOUTHWEST AIRLINES,103,9
US,WASHINGTON,SEA - Seattle,SOUTHWEST AIRLINES,150,10
US,WASHINGTON,GEG - Spokane,UNITED AIRLINES,137,-7
US,CALIFORNIA,SFO - San Francisco,ALASKA AIRLINES,129,-9
US,CALIFORNIA,LAX - Los Angeles,ALASKA AIRLINES,105,-10
US,CALIFORNIA,LAX - Los Angeles,SPIRIT AIRLINES,108,7
US,OREGON,EUG - Eugene,AMERICAN AIRLINES,138,3
US,OREGON,EUG - Eugene,SPIRIT AIRLINES,68,-9
US,WASHINGTON,GEG - Spokane,DELTA,105,-9
US,CALIFORNIA,SFO - San Francisco,SPIRIT AIRLINES,95,0
US,CALIFORNIA,SFO - San Francisco,JETBLUE,89,-9
US,CALIFORNIA,SFO - San Francisco,UNITED AIRLINES,102,-9
US,WASHINGTON,SEA - Seattle,ALASKA AIRLINES,58,-7
US,CALIFORNIA,SFO - San Francisco,SOUTHWEST AIRLINES,129,1
US,CALIFORNIA,LAX - Los Angeles,SPIRIT AIRLINES,51,-6
US,OREGON,EUG - Eugene,DELTA,121,-1
US,OREGON,EUG - Eugene,ALASKA AIRLINES,83,1
US,WASHINGTON,GEG - Spokane,JETBLUE,88,1
US,OREGON,PDX - Portland,JETBLUE,82,-1
US,WASHINGTON,SEA - Seattle,JETBLUE,67,5
US,OREGON,PDX - Portland,SOUTHWEST AIRLINES,97,-5
US,OREGON,PDX - Portland,SOUTHWEST AIRLINES,132,-1
US,OREGON,EUG - Eugene,JETBLUE,127,4
US,OREGON,EUG - Eugene,SOUTHWEST AIRLINES,56,15
US,OREGON,EUG - Eugene,SOUTHWEST AIRLINES,72,9
US,CALIFORNIA,SFO - San Francisco,SOUTHWEST AIRLINES,90,20
US,CALIFORNIA,LAX - Los Angeles,DELTA,76,19
US,WASHINGTON,GEG - Spokane,UNITED AIRLINES,104,7
US,CALIFORNIA,SFO - San Francisco,SPIRIT AIRLINES,99,9
US,CALIFORNIA,LAX - Los Angeles,ALASKA AIRLINES,51,-8
US,WASHINGTON,GEG - Spokane,JETBLUE,91,2
US,CALIFORNIA,SFO - San Francisco,AMERICAN AIRLINES,91,12
US,WASHINGTON,GEG - Spokane,AMERICAN AIRLINES,131,17
US,OREGON,PDX - Portland,SOUTHWEST AIRLINES,78,3
US,WASHINGTON,SEA - Seattle,UNITED AIRLINES,130,2
US,OREGON,EUG - Eugene,UNITED AIRLINES,90,17
US,WASHINGTON,GEG - Spokane,JETBLUE,109,-6
US,WASHINGTON,GEG - Spokane,AMERICAN AIRLINES,93,-2
US,OREGON,PDX - Portland,JETBLUE,96,20
US,CALIFORNIA,LAX - Los Angeles,UNITED AIRLINES,101,6
US,WASHINGTON,GEG - Spokane,ALASKA AIRLINES,138,2
US,OREGON,EUG - Eugene,ALASKA AIRLINES,136,15
US,WASHINGTON,GEG - Spokane,DELTA,51,-2
US,WASHINGTON,GEG - Spokane,DELTA,53,3
US,WASHINGTON,GEG - Spokane,AMERICAN AIRLINES,90,11
US,OREGON,EUG - Eugene,SPIRIT AIRLINES,129,2
US,WASHINGTON,SEA - Seattle,UNITED AIRLINES,63,5
US,CALIFORNIA,SFO - San Francisco,AMERICAN AIRLINES,123,-4
US,WASHINGTON,SEA - Seattle,SOUTHWEST AIRLINES,51,2
US,CALIFORNIA,LAX - Los Angeles,SPIRIT AIRLINES,119,11
US,WASHINGTON,GEG - Spokane,DELTA,50,13
US,OREGON,EUG - Eugene,AMERICAN AIRLINES,79,1
US,OREGON,EUG - Eugene,DELTA,106,-8
US,CALIFORNIA,SFO - San Francisco,UNITED AIRLINES,129,7
US,CALIFORNIA,SFO - San Francisco,DELTA,119,20
US,WASHINGTON,GEG - Spokane,SOUTHWEST AIRLINES,103,0
US,CALIFORNIA,SFO - San Francisco,ALASKA AIRLINES,136,12
US,OREGON,EUG - Eugene,UNITED AIRLINES,59,1
US,CALIFORNIA,SFO - San Francisco,AMERICAN AIRLINES,77,-3
US,WASHINGTON,GEG - Spokane,UNITED AIRLINES,142,-4
US,WASHINGTON,GEG - Spokane,SPIRIT AIRLINES,81,-4
US,CALIFORNIA,SFO - San Francisco,SOUTHWEST AIRLINES,148,-5
US,OREGON,PDX - Portland,ALASKA AIRLINES,84,-4
US,CALIFORNIA,SFO - San Francisco,ALASKA AIRLINES,89,7
US,WASHINGTON,GEG - Spokane,JETBLUE,146,0
US,OREGON,EUG - Eugene,JETBLUE,52,1
US,OREGON,EUG - Eugene,UNITED AIRLINES,120,-1
US,OREGON,EUG - Eugene,UNITED AIRLINES,120,6
US,CALIFORNIA,SFO - San Francisco,JETBLUE,109,10
US,CALIFORNIA,LAX - Los Angeles,UNITED AIRLINES,91,13
US,WASHINGTON,SEA - Seattle,UNITED AIRLINES,105,20
US,CALIFORNIA,SFO - San Francisco,DELTA,105,17
US,CALIFORNIA,SFO - San Francisco,SOUTHWEST AIRLINES,94,8
US,CALIFORNIA,LAX - Los Angeles,SPIRIT AIRLINES,78,-5
US,WASHINGTON,SEA - Seattle,AMERICAN AIRLINES,127,16
US,WASHINGTON,SEA - Seattle,SPIRIT AIRLINES,115,-6
US,OREGON,EUG - Eugene,UNITED AIRLINES,92,18
US,CALIFORNIA,LAX - Los Angeles,DELTA,88,12
US,OREGON,EUG - Eugene,UNITED AIRLINES,135,-9
US,OREGON,EUG - Eugene,AMERICAN AIRLINES,73,-8
US,CALIFORNIA,LAX - Los Angeles,SPIRIT AIRLINES,98,15
US,OREGON,PDX - Portland,SPIRIT AIRLINES,54,-4
US,WASHINGTON,GEG - Spokane,SPIRIT AIRLINES,71,5
US,OREGON,EUG - Eugene,SPIRIT AIRLINES,145,5
US,OREGON,PDX - Portland,ALASKA AIRLINES,92,12
US,CALIFORNIA,SFO - San Francisco,ALASKA AIRLINES,77,17
US,OREGON,EUG - Eugene,SPIRIT AIRLINES,125,16
US,CALIFORNIA,SFO - San Francisco,SPIRIT AIRLINES,104,15
US,CALIFORNIA,SFO - San Francisco,SPIRIT AIRLINES,62,16
US,WASHINGTON,SEA - Seattle,JETBLUE,126,-5
US,CALIFORNIA,SFO - San Francisco,JETBLUE,61,-3
US,WASHINGTON,SEA - Seattle,JETBLUE,117,10
US,CALIFORNIA,SFO - San Francisco,UNITED AIRLINES,119,18
US,WASHINGTON,GEG - Spokane,ALASKA AIRLINES,56,3
US,OREGON,PDX - Portland,DELTA,65,6
US,CALIFORNIA,SFO - San Francisco,DELTA,120,9
US,CALIFORNIA,LAX - Los Angeles,JETBLUE,128,15
US,WASHINGTON,SEA - Seattle,JETBLUE,84,-1
US,CALIFORNIA,SFO - San Francisco,ALASKA AIRLINES,126,20
US,WASHINGTON,GEG - Spokane,SOUTHWEST AIRLINES,64,18
US,WASHINGTON,SEA - Seattle,ALASKA AIRLINES,77,14
US,CALIFORNIA,SFO - San Francisco,ALASKA AIRLINES,70,14
US,WASHINGTON,GEG - Spokane,DELTA,139,2
US,OREGON,PDX - Portland,ALASKA AIRLINES,61,6
US,CALIFORNIA,SFO - San Francisco,JETBLUE,63,5
US,WASHINGTON,GEG - Spokane,SPIRIT AIRLINES,63,4
US,WASHINGTON,SEA - Seattle,UNITED AIRLINES,87,4
US,OREGON,EUG - Eugene,DELTA,81,12
US,CALIFORNIA,SFO - San Francisco,JETBLUE,92,0
US,OREGON,PDX - Portland,SOUTHWEST AIRLINES,125,10
US,WASHINGTON,GEG - Spokane,SPIRIT AIRLINES,142,4
US,OREGON,PDX - Portland,ALASKA AIRLINES,121,-5
US,WASHINGTON,GEG - Spokane,DELTA,54,-2
US,OREGON,PDX - Portland,JETBLUE,72,-4
US,CALIFORNIA,LAX - Los Angeles,SPIRIT AIRLINES,131,-1
US,CALIFORNIA,LAX - Los Angeles,SOUTHWEST AIRLINES,81,2
US,CALIFORNIA,LAX - Los Angeles,JETBLUE,57,14
US,CALIFORNIA,LAX - Los Angeles,DELTA,75,9
US,WASHINGTON,SEA - Seattle,SPIRIT AIRLINES,122,-5
US,WASHINGTON,SEA - Seattle,ALASKA AIRLINES,85,16
US,WASHINGTON,GEG - Spokane,SOUTHWEST AIRLINES,73,18
US,OREGON,PDX - Portland,DELTA,117,9
US,CALIFORNIA,LAX - Los Angeles,DELTA,137,10
US,WASHINGTON,GEG - Spokane,SPIRIT AIRLINES,53,-3
US,CALIFORNIA,LAX - Los Angeles,DELTA,99,15
US,WASHINGTON,SEA - Seattle,SOUTHWEST AIRLINES,119,1
US,OREGON,EUG - Eugene,ALASKA AIRLINES,88,2
US,OREGON,PDX - Portland,SOUTHWEST AIRLINES,60,1
US,CALIFORNIA,LAX - Los Angeles,DELTA,73,7
US,CALIFORNIA,LAX - Los Angeles,SPIRIT AIRLINES,107,12
US,CALIFORNIA,LAX - Los Angeles,UNITED AIRLINES,112,-10
US,WASHINGTON,SEA - Seattle,JETBLUE,133,-4
US,CALIFORNIA,SFO - San Francisco,JETBLUE,119,-9
US,CALIFORNIA,SFO - San Francisco,ALASKA AIRLINES,102,10
US,WASHINGTON,GEG - Spokane,JETBLUE,133,-8
EU,FRANCE,CDG - Paris,LUFTHANSA,140,14
EU,UK,LHR - London,LUFTHANSA,106,18
EU,GERMANY,FRA - Frankfurt,BRITISH AIRWAYS,112,-1
EU,GERMANY,MUC - Munich,EASYJET,55,10
EU,UK,LGW - London,EASYJET,94,0
EU,FRANCE,ORY - Paris,LUFTHANSA,126,-10
EU,GERMANY,MUC - Munich,BRITISH AIRWAYS,128,1
EU,FRANCE,CDG - Paris,BRITISH AIRWAYS,58,16
EU,UK,LHR - London,BRITISH AIRWAYS,55,8
EU,FRANCE,CDG - Paris,AIR FRANCE,141,9
EU,GERMANY,MUC - Munich,AIR FRANCE,88,0
EU,UK,LGW - London,EASYJET,87,20
EU,GERMANY,FRA - Frankfurt,BRITISH AIRWAYS,138,11
EU,GERMANY,FRA - Frankfurt,BRITISH AIRWAYS,132,-2
EU,FRANCE,CDG - Paris,BRITISH AIRWAYS,91,20
EU,GERMANY,FRA - Frankfurt,BRITISH AIRWAYS,144,-5
EU,UK,LGW - London,BRITISH AIRWAYS,52,1
EU,GERMANY,MUC - Munich,LUFTHANSA,129,11
EU,FRANCE,ORY - Paris,LUFTHANSA,150,0
EU,GERMANY,FRA - Frankfurt,BRITISH AIRWAYS,101,14
EU,FRANCE,ORY - Paris,EASYJET,90,16
EU,UK,LHR - London,BRITISH AIRWAYS,75,-4
EU,FRANCE,ORY - Paris,AIR FRANCE,141,8
EU,UK,LGW - London,EASYJET,95,4
EU,FRANCE,CDG - Paris,AIR FRANCE,134,12
EU,UK,LGW - London,BRITISH AIRWAYS,101,9
EU,UK,LGW - London,AIR FRANCE,100,14
EU,FRANCE,CDG - Paris,BRITISH AIRWAYS,68,18
EU,UK,LGW - London,BRITISH AIRWAYS,136,-1
EU,GERMANY,FRA - Frankfurt,AIR FRANCE,100,5
EU,GERMANY,MUC - Munich,EASYJET,144,10
EU,GERMANY,MUC - Munich,LUFTHANSA,58,-7
EU,GERMANY,MUC - Munich,LUFTHANSA,118,10
EU,FRANCE,CDG - Paris,BRITISH AIRWAYS,135,8
EU,UK,LGW - London,AIR FRANCE,78,7
EU,FRANCE,CDG - Paris,AIR FRANCE,132,-3
EU,FRANCE,ORY - Paris,AIR FRANCE,88,15
EU,FRANCE,CDG - Paris,LUFTHANSA,131,11
EU,FRANCE,CDG - Paris,LUFTHANSA,76,20
EU,GERMANY,MUC - Munich,BRITISH AIRWAYS,66,-10
EU,FRANCE,CDG - Paris,EASYJET,99,5
EU,GERMANY,FRA - Frankfurt,EASYJET,112,-6
EU,GERMANY,FRA - Frankfurt,AIR FRANCE,127,6
EU,FRANCE,CDG - Paris,AIR FRANCE,124,-4
EU,GERMANY,MUC - Munich,LUFTHANSA,114,-3
EU,GERMANY,MUC - Munich,LUFTHANSA,99,-3
EU,FRANCE,CDG - Paris,AIR FRANCE,144,12
EU,GERMANY,MUC - Munich,LUFTHANSA,113,1
EU,FRANCE,ORY - Paris,EASYJET,137,-6
EU,FRANCE,CDG - Paris,BRITISH AIRWAYS,115,2
EU,GERMANY,FRA - Frankfurt,BRITISH AIRWAYS,102,8
EU,GERMANY,MUC - Munich,EASYJET,87,-7
EU,GERMANY,FRA - Frankfurt,LUFTHANSA,96,17
EU,FRANCE,ORY - Paris,EASYJET,135,9
EU,GERMANY,FRA - Frankfurt,LUFTHANSA,133,5
EU,GERMANY,MUC - Munich,AIR FRANCE,61,-5
EU,UK,LHR - London,AIR FRANCE,125,-1
EU,GERMANY,FRA - Frankfurt,LUFTHANSA,135,16
EU,UK,LGW - London,LUFTHANSA,62,13
EU,GERMANY,FRA - Frankfurt,LUFTHANSA,92,-10
EU,GERMANY,MUC - Munich,AIR FRANCE,148,-9
EU,FRANCE,ORY - Paris,LUFTHANSA,137,0
EU,FRANCE,CDG - Paris,BRITISH AIRWAYS,70,16
EU,UK,LHR - London,EASYJET,101,0
EU,FRANCE,CDG - Paris,LUFTHANSA,61,3
EU,GERMANY,MUC - Munich,AIR FRANCE,118,7
EU,UK,LHR - London,BRITISH AIRWAYS,63,13
EU,FRANCE,ORY - Paris,EASYJET,99,-2
EU,UK,LHR - London,EASYJET,101,-5
EU,GERMANY,MUC - Munich,AIR FRANCE,146,-5
EU,UK,LGW - London,AIR FRANCE,107,-6
EU,UK,LHR - London,EASYJET,64,-9
EU,FRANCE,ORY - Paris,AIR FRANCE,142,2
EU,GERMANY,MUC - Munich,LUFTHANSA,106,4
EU,GERMANY,MUC - Munich,LUFTHANSA,75,-8
EU,FRANCE,CDG - Paris,BRITISH AIRWAYS,84,6
EU,FRANCE,ORY - Paris,AIR FRANCE,70,11
EU,GERMANY,FRA - Frankfurt,BRITISH AIRWAYS,107,17
EU,FRANCE,ORY - Paris,LUFTHANSA,126,-1
EU,UK,LGW - London,EASYJET,65,-4
EU,GERMANY,FRA - Frankfurt,LUFTHANSA,138,-4
EU,FRANCE,ORY - Paris,EASYJET,135,17
EU,UK,LHR - London,AIR FRANCE,107,4
EU,GERMANY,MUC - Munich,EASYJET,129,-1
EU,UK,LHR - London,AIR FRANCE,75,6
EU,UK,LGW - London,LUFTHANSA,125,4
EU,UK,LGW - London,AIR FRANCE,115,-8
EU,GERMANY,MUC - Munich,BRITISH AIRWAYS,87,20
EU,UK,LHR - London,LUFTHANSA,127,11
EU,FRANCE,CDG - Paris,BRITISH AIRWAYS,66,9
EU,UK,LHR - London,LUFTHANSA,74,11
EU,FRANCE,CDG - Paris,BRITISH AIRWAYS,115,6
EU,FRANCE,ORY - Paris,EASYJET,63,17
EU,FRANCE,CDG - Paris,AIR FRANCE,97,-6
EU,GERMANY,FRA - Frankfurt,LUFTHANSA,124,5
EU,UK,LGW - London,EASYJET,81,5
EU,GERMANY,MUC - Munich,EASYJET,96,9
EU,UK,LHR - London,BRITISH AIRWAYS,145,7
EU,UK,LHR - London,LUFTHANSA,103,-6
EU,FRANCE,ORY - Paris,EASYJET,134,-6
EU,UK,LHR - London,AIR FRANCE,108,-6
EU,FRANCE,CDG - Paris,LUFTHANSA,94,0
EU,UK,LGW - London,LUFTHANSA,75,-6
EU,UK,LHR - London,LUFTHANSA,106,-8
EU,FRANCE,ORY - Paris,BRITISH AIRWAYS,131,0
EU,GERMANY,FRA - Frankfurt,LUFTHANSA,73,-2
EU,UK,LGW - London,AIR FRANCE,87,11
EU,GERMANY,MUC - Munich,LUFTHANSA,113,19
EU,UK,LGW - London,EASYJET,88,12
EU,UK,LGW - London,EASYJET,55,15
EU,UK,LHR - London,AIR FRANCE,78,-8
EU,GERMANY,MUC - Munich,AIR FRANCE,111,-8
EU,FRANCE,CDG - Paris,AIR FRANCE,104,7
EU,GERMANY,FRA - Frankfurt,LUFTHANSA,66,3
EU,GERMANY,FRA - Frankfurt,LUFTHANSA,90,10
EU,GERMANY,MUC - Munich,AIR FRANCE,142,10
EU,UK,LHR - London,EASYJET,143,14
EU,GERMANY,MUC - Munich,BRITISH AIRWAYS,88,0
EU,UK,LGW - London,LUFTHANSA,52,-6
EU,FRANCE,CDG - Paris,AIR FRANCE,80,17
EU,UK,LHR - London,LUFTHANSA,73,8
EU,FRANCE,ORY - Paris,BRITISH AIRWAYS,61,18
EU,GERMANY,FRA - Frankfurt,AIR FRANCE,118,-6
EU,FRANCE,CDG - Paris,BRITISH AIRWAYS,131,-6
EU,FRANCE,CDG - Paris,LUFTHANSA,63,-9
EU,FRANCE,CDG - Paris,AIR FRANCE,75,2
EU,GERMANY,FRA - Frankfurt,BRITISH AIRWAYS,50,5
EU,FRANCE,ORY - Paris,BRITISH AIRWAYS,56,14
EU,FRANCE,CDG - Paris,BRITISH AIRWAYS,132,11
EU,UK,LHR - London,LUFTHANSA,138,11
EU,GERMANY,FRA - Frankfurt,EASYJET,133,14
EU,GERMANY,MUC - Munich,LUFTHANSA,79,-5
EU,UK,LHR - London,AIR FRANCE,150,12
EU,FRANCE,ORY - Paris,BRITISH AIRWAYS,129,12
EU,FRANCE,ORY - Paris,AIR FRANCE,72,-8
EU,GERMANY,MUC - Munich,BRITISH AIRWAYS,106,-3
EU,UK,LGW - London,EASYJET,139,-10
EU,GERMANY,FRA - Frankfurt,EASYJET,113,15
EU,GERMANY,FRA - Frankfurt,EASYJET,108,9
EU,UK,LHR - London,LUFTHANSA,111,8
EU,GERMANY,MUC - Munich,LUFTHANSA,78,-5
EU,UK,LGW - London,EASYJET,132,12
EU,GERMANY,MUC - Munich,BRITISH AIRWAYS,55,11
EU,GERMANY,FRA - Frankfurt,LUFTHANSA,146,-3
EU,FRANCE,ORY - Paris,EASYJET,112,-6
EU,GERMANY,FRA - Frankfurt,EASYJET,140,19
EU,GERMANY,FRA - Frankfurt,LUFTHANSA,124,11
EU,FRANCE,CDG - Paris,LUFTHANSA,62,8
EU,UK,LHR - London,EASYJET,133,6
EU,GERMANY,FRA - Frankfurt,AIR FRANCE,111,-3
EU,FRANCE,CDG - Paris,EASYJET,81,-5
EU,FRANCE,ORY - Paris,EASYJET,117,2
EU,FRANCE,CDG - Paris,AIR FRANCE,129,-3
EU,FRANCE,CDG - Paris,EASYJET,107,-9
EU,GERMANY,MUC - Munich,BRITISH AIRWAYS,125,10
EU,FRANCE,ORY - Paris,EASYJET,75,17
EU,GERMANY,FRA - Frankfurt,LUFTHANSA,129,16
EU,UK,LGW - London,EASYJET,62,18
EU,GERMANY,MUC - Munich,LUFTHANSA,90,10
EU,UK,LHR - London,BRITISH AIRWAYS,73,3
EU,GERMANY,FRA - Frankfurt,EASYJET,118,6
EU,FRANCE,CDG - Paris,EASYJET,119,-3
EU,FRANCE,CDG - Paris,BRITISH AIRWAYS,66,-8
EU,FRANCE,CDG - Paris,AIR FRANCE,94,-1
EU,FRANCE,CDG - Paris,AIR FRANCE,91,17
EU,UK,LGW - London,BRITISH AIRWAYS,90,2
EU,UK,LGW - London,EASYJET,68,-9
EU,GERMANY,FRA - Frankfurt,LUFTHANSA,71,13
EU,UK,LHR - London,BRITISH AIRWAYS,136,-4
EU,GERMANY,FRA - Frankfurt,BRITISH AIRWAYS,95,4
EU,FRANCE,ORY - Paris,LUFTHANSA,106,-3
EU,GERMANY,FRA - Frankfurt,AIR FRANCE,59,-10
EU,FRANCE,CDG - Paris,BRITISH AIRWAYS,59,18
EU,GERMANY,MUC - Munich,AIR FRANCE,126,-1
EU,FRANCE,CDG - Paris,LUFTHANSA,64,7
EU,UK,LGW - London,BRITISH AIRWAYS,87,5
EU,FRANCE,CDG - Paris,LUFTHANSA,105,18
EU,UK,LHR - London,BRITISH AIRWAYS,144,-1
EU,UK,LHR - London,EASYJET,127,5
EU,UK,LGW - London,LUFTHANSA,94,10
EU,FRANCE,CDG - Paris,EASYJET,120,13
EU,FRANCE,ORY - Paris,BRITISH AIRWAYS,109,1
EU,UK,LGW - London,LUFTHANSA,92,15
EU,GERMANY,FRA - Frankfurt,EASYJET,137,17
EU,FRANCE,CDG - Paris,EASYJET,58,19
EU,FRANCE,CDG - Paris,EASYJET,126,-7
EU,FRANCE,CDG - Paris,LUFTHANSA,132,2
EU,GERMANY,MUC - Munich,LUFTHANSA,98,-8
EU,FRANCE,ORY - Paris,EASYJET,60,-6
EU,GERMANY,MUC - Munich,LUFTHANSA,51,-6
EU,GERMANY,MUC - Munich,BRITISH AIRWAYS,115,12
EU,GERMANY,FRA - Frankfurt,LUFTHANSA,110,2
EU,FRANCE,CDG - Paris,BRITISH AIRWAYS,54,0
EU,UK,LGW - London,LUFTHANSA,54,20
EU,UK,LHR - London,BRITISH AIRWAYS,91,1
EU,UK,LGW - London,BRITISH AIRWAYS,50,15
EU,UK,LGW - London,LUFTHANSA,64,-4
EU,FRANCE,CDG - Paris,EASYJET,95,0
EU,FRANCE,CDG - Paris,EASYJET,55,11
EU,GERMANY,MUC - Munich,BRITISH AIRWAYS,58,5
EU,UK,LHR - London,BRITISH AIRWAYS,146,3
EU,FRANCE,ORY - Paris,AIR FRANCE,100,8
EU,GERMANY,FRA - Frankfurt,LUFTHANSA,91,18
EU,FRANCE,ORY - Paris,LUFTHANSA,99,11
EU,FRANCE,ORY - Paris,AIR FRANCE,83,0
EU,GERMANY,MUC - Munich,BRITISH AIRWAYS,136,-2
EU,UK,LGW - London,EASYJET,110,16
EU,GERMANY,FRA - Frankfurt,BRITISH AIRWAYS,67,-9
EU,GERMANY,MUC - Munich,EASYJET,57,4
EU,GERMANY,FRA - Frankfurt,AIR FRANCE,85,13
EU,UK,LHR - London,AIR FRANCE,117,3
EU,FRANCE,CDG - Paris,EASYJET,143,17
EU,UK,LHR - London,BRITISH AIRWAYS,63,19
EU,FRANCE,CDG - Paris,AIR FRANCE,87,3
EU,FRANCE,ORY - Paris,AIR FRANCE,148,-8
EU,GERMANY,MUC - Munich,EASYJET,130,-10
EU,UK,LHR - London,BRITISH AIRWAYS,107,1
EU,UK,LGW - London,LUFTHANSA,75,18
EU,GERMANY,FRA - Frankfurt,BRITISH AIRWAYS,120,-10
EU,GERMANY,FRA - Frankfurt,LUFTHANSA,50,7
EU,GERMANY,MUC - Munich,AIR FRANCE,139,4
EU,UK,LGW - London,EASYJET,93,19
EU,GERMANY,FRA - Frankfurt,AIR FRANCE,68,-9
EU,FRANCE,CDG - Paris,LUFTHANSA,126,0
EU,GERMANY,MUC - Munich,EASYJET,142,-9
EU,GERMANY,FRA - Frankfurt,LUFTHANSA,97,3
EU,UK,LGW - London,BRITISH AIRWAYS,111,12
EU,GERMANY,FRA - Frankfurt,LUFTHANSA,75,1
EU,GERMANY,FRA - Frankfurt,EASYJET,56,-10
EU,UK,LGW - London,EASYJET,146,3
EU,UK,LGW - London,BRITISH AIRWAYS,83,-9
EU,FRANCE,ORY - Paris,BRITISH AIRWAYS,51,2
EU,FRANCE,CDG - Paris,AIR FRANCE,110,-4
EU,GERMANY,FRA - Frankfurt,BRITISH AIRWAYS,143,11
EU,UK,LHR - London,BRITISH AIRWAYS,118,16
EU,GERMANY,FRA - Frankfurt,BRITISH AIRWAYS,105,18
EU,FRANCE,ORY - Paris,EASYJET,53,7
EU,GERMANY,MUC - Munich,EASYJET,129,-5
EU,UK,LHR - London,AIR FRANCE,87,13
EU,GERMANY,MUC - Munich,EASYJET,79,11
EU,FRANCE,CDG - Paris,LUFTHANSA,100,5
EU,UK,LGW - London,LUFTHANSA,68,4
EU,FRANCE,CDG - Paris,LUFTHANSA,59,3
EU,UK,LHR - London,EASYJET,132,11
EU,UK,LGW - London,EASYJET,141,18
EU,GERMANY,FRA - Frankfurt,LUFTHANSA,97,-5
EU,GERMANY,MUC - Munich,BRITISH AIRWAYS,124,-10
EU,FRANCE,CDG - Paris,AIR FRANCE,121,9
EU,FRANCE,CDG - Paris,AIR FRANCE,86,17
EU,UK,LHR - London,AIR FRANCE,130,18
EU,UK,LGW - London,LUFTHANSA,53,10
EU,UK,LGW - London,LUFTHANSA,112,1
EU,GERMANY,MUC - Munich,BRITISH AIRWAYS,98,10
EU,GERMANY,FRA - Frankfurt,LUFTHANSA,96,-9
EU,GERMANY,FRA - Frankfurt,AIR FRANCE,68,8
EU,GERMANY,MUC - Munich,LUFTHANSA,108,3
EU,FRANCE,ORY - Paris,BRITISH AIRWAYS,79,8
EU,UK,LHR - London,EASYJET,90,13
EU,GERMANY,MUC - Munich,AIR FRANCE,81,0
EU,UK,LHR - London,BRITISH AIRWAYS,54,1
EU,GERMANY,FRA - Frankfurt,EASYJET,112,20
EU,FRANCE,CDG - Paris,AIR FRANCE,148,15
EU,UK,LHR - London,EASYJET,131,7
EU,FRANCE,CDG - Paris,AIR FRANCE,116,6
EU,FRANCE,ORY - Paris,BRITISH AIRWAYS,76,12
EU,GERMANY,MUC - Munich,AIR FRANCE,125,4
EU,GERMANY,MUC - Munich,BRITISH AIRWAYS,56,15
EU,FRANCE,CDG - Paris,BRITISH AIRWAYS,56,8
EU,GERMANY,MUC - Munich,LUFTHANSA,83,17
EU,FRANCE,CDG - Paris,LUFTHANSA,131,-8
EU,UK,LGW - London,AIR FRANCE,98,20
EU,GERMANY,FRA - Frankfurt,AIR FRANCE,143,14
EU,UK,LGW - London,AIR FRANCE,126,17
EU,UK,LGW - London,BRITISH AIRWAYS,136,-3
EU,GERMANY,MUC - Munich,BRITISH AIRWAYS,75,16
EU,FRANCE,ORY - Paris,AIR FRANCE,137,-8
EU,UK,LGW - London,AIR FRANCE,92,1
EU,GERMANY,FRA - Frankfurt,EASYJET,138,-6
EU,UK,LGW - London,AIR FRANCE,126,-10
EU,FRANCE,ORY - Paris,AIR FRANCE,147,-4
EU,GERMANY,MUC - Munich,BRITISH AIRWAYS,142,-2
EU,UK,LHR - London,BRITISH AIRWAYS,76,7
EU,GERMANY,MUC - Munich,EASYJET,135,13
EU,GERMANY,FRA - Frankfurt,AIR FRANCE,133,14
EU,GERMANY,MUC - Munich,EASYJET,129,-1
EU,GERMANY,MUC - Munich,BRITISH AIRWAYS,142,-7
EU,FRANCE,CDG - Paris,AIR FRANCE,135,14
EU,FRANCE,CDG - Paris,LUFTHANSA,69,-3
EU,FRANCE,ORY - Paris,BRITISH AIRWAYS,59,-2
EU,FRANCE,ORY - Paris,BRITISH AIRWAYS,83,-4
EU,FRANCE,CDG - Paris,BRITISH AIRWAYS,136,-8
EU,FRANCE,CDG - Paris,BRITISH AIRWAYS,64,8
EU,UK,LHR - London,LUFTHANSA,113,15
EU,FRANCE,ORY - Paris,BRITISH AIRWAYS,142,19
EU,FRANCE,ORY - Paris,AIR FRANCE,147,2
EU,GERMANY,MUC - Munich,EASYJET,105,15
EU,UK,LHR - London,LUFTHANSA,106,4
EU,GERMANY,FRA - Frankfurt,BRITISH AIRWAYS,107,-9
EU,GERMANY,FRA - Frankfurt,BRITISH AIRWAYS,83,18
EU,GERMANY,FRA - Frankfurt,AIR FRANCE,143,-10
EU,UK,LGW - London,LUFTHANSA,145,0
EU,FRANCE,CDG - Paris,BRITISH AIRWAYS,119,15
EU,GERMANY,MUC - Munich,LUFTHANSA,81,-4
EU,GERMANY,FRA - Frankfurt,AIR FRANCE,110,5
EU,FRANCE,CDG - Paris,EASYJET,113,9
EU,FRANCE,CDG - Paris,BRITISH AIRWAYS,136,15
EU,UK,LHR - London,EASYJET,107,-2
EU,FRANCE,ORY - Paris,EASYJET,94,12
EU,GERMANY,MUC - Munich,AIR FRANCE,113,6
EU,GERMANY,FRA - Frankfurt,LUFTHANSA,137,-4
EU,GERMANY,FRA - Frankfurt,AIR FRANCE,55,1
EU,GERMANY,MUC - Munich,LUFTHANSA,62,-3
EU,GERMANY,FRA - Frankfurt,EASYJET,82,3
EU,FRANCE,CDG - Paris,LUFTHANSA,146,9
EU,UK,LHR - London,BRITISH AIRWAYS,66,-1
EU,FRANCE,ORY - Paris,LUFTHANSA,145,9
EU,GERMANY,FRA - Frankfurt,BRITISH AIRWAYS,62,10
EU,FRANCE,ORY - Paris,BRITISH AIRWAYS,92,20
EU,UK,LGW - London,LUFTHANSA,59,-3
EU,GERMANY,FRA - Frankfurt,BRITISH AIRWAYS,59,1
EU,GERMANY,FRA - Frankfurt,LUFTHANSA,99,3
EU,FRANCE,CDG - Paris,LUFTHANSA,125,11
EU,UK,LGW - London,EASYJET,109,1
EU,GERMANY,MUC - Munich,AIR FRANCE,104,12
EU,FRANCE,ORY - Paris,EASYJET,51,17
EU,GERMANY,FRA - Frankfurt,LUFTHANSA,106,-9
EU,FRANCE,CDG - Paris,BRITISH AIRWAYS,101,1
EU,FRANCE,ORY - Paris,AIR FRANCE,82,-10
EU,GERMANY,MUC - Munich,BRITISH AIRWAYS,89,9
EU,GERMANY,FRA - Frankfurt,LUFTHANSA,149,18
EU,UK,LHR - London,EASYJET,112,15
EU,FRANCE,CDG - Paris,BRITISH AIRWAYS,118,-10
EU,GERMANY,MUC - Munich,AIR FRANCE,87,-7
EU,GERMANY,MUC - Munich,BRITISH AIRWAYS,129,14
EU,FRANCE,ORY - Paris,AIR FRANCE,73,18
EU,UK,LHR - London,LUFTHANSA,55,-9
EU,GERMANY,FRA - Frankfurt,AIR FRANCE,121,17
EU,GERMANY,MUC - Munich,LUFTHANSA,113,8
EU,FRANCE,ORY - Paris,AIR FRANCE,106,-8
EU,FRANCE,ORY - Paris,LUFTHANSA,122,6
EU,UK,LHR - London,BRITISH AIRWAYS,53,7
EU,FRANCE,CDG - Paris,LUFTHANSA,69,10
EU,UK,LGW - London,AIR FRANCE,94,1
EU,FRANCE,CDG - Paris,BRITISH AIRWAYS,109,2
EU,FRANCE,CDG - Paris,LUFTHANSA,104,17
EU,GERMANY,FRA - Frankfurt,EASYJET,74,5
EU,FRANCE,CDG - Paris,EASYJET,81,-2
EU,UK,LGW - London,EASYJET,104,16
EU,FRANCE,CDG - Paris,BRITISH AIRWAYS,96,10
EU,GERMANY,MUC - Munich,EASYJET,118,7
EU,FRANCE,CDG - Paris,EASYJET,55,13
EU,GERMANY,MUC - Munich,BRITISH AIRWAYS,105,-2
EU,GERMANY,MUC - Munich,EASYJET,77,13
EU,GERMANY,MUC - Munich,EASYJET,99,13
EU,GERMANY,FRA - Frankfurt,AIR FRANCE,146,-5
EU,UK,LHR - London,EASYJET,74,-4
EU,UK,LGW - London,BRITISH AIRWAYS,108,-8
EU,UK,LHR - London,AIR FRANCE,53,4
EU,GERMANY,FRA - Frankfurt,BRITISH AIRWAYS,110,-3
EU,GERMANY,FRA - Frankfurt,LUFTHANSA,142,20
EU,FRANCE,CDG - Paris,EASYJET,150,-4
EU,UK,LHR - London,AIR FRANCE,97,-1
EU,FRANCE,CDG - Paris,AIR FRANCE,127,1
EU,FRANCE,CDG - Paris,AIR FRANCE,63,10
EU,UK,LHR - London,EASYJET,65,19
EU,FRANCE,CDG - Paris,LUFTHANSA,145,11
EU,UK,LHR - London,AIR FRANCE,67,19
EU,GERMANY,MUC - Munich,BRITISH AIRWAYS,68,19
EU,GERMANY,FRA - Frankfurt,BRITISH AIRWAYS,138,17
EU,UK,LGW - London,AIR FRANCE,79,1
EU,GERMANY,FRA - Frankfurt,LUFTHANSA,93,-2
EU,UK,LHR - London,AIR FRANCE,129,1
EU,UK,LGW - London,EASYJET,101,4
EU,FRANCE,CDG - Paris,AIR FRANCE,87,7
EU,GERMANY,MUC - Munich,AIR FRANCE,148,11
EU,GERMANY,MUC - Munich,BRITISH AIRWAYS,127,-1
EU,FRANCE,CDG - Paris,AIR FRANCE,75,-8
EU,FRANCE,CDG - Paris,BRITISH AIRWAYS,148,9
EU,UK,LGW - London,EASYJET,107,1
EU,GERMANY,FRA - Frankfurt,AIR FRANCE,96,14
EU,GERMANY,MUC - Munich,EASYJET,109,-1
EU,FRANCE,ORY - Paris,EASYJET,103,7
EU,FRANCE,CDG - Paris,EASYJET,76,9
EU,GERMANY,FRA - Frankfurt,AIR FRANCE,75,18
EU,GERMANY,FRA - Frankfurt,LUFTHANSA,139,14
EU,FRANCE,ORY - Paris,BRITISH AIRWAYS,96,-1
EU,GERMANY,MUC - Munich,LUFTHANSA,104,-3
EU,FRANCE,ORY - Paris,AIR FRANCE,144,-7
EU,UK,LGW - London,BRITISH AIRWAYS,55,2
EU,UK,LHR - London,AIR FRANCE,101,-1
EU,FRANCE,ORY - Paris,LUFTHANSA,125,14
EU,UK,LGW - London,AIR FRANCE,62,6
EU,UK,LGW - London,EASYJET,74,6
EU,FRANCE,ORY - Paris,AIR FRANCE,58,-6
EU,UK,LHR - London,AIR FRANCE,110,18
EU,FRANCE,CDG - Paris,EASYJET,122,5
EU,GERMANY,FRA - Frankfurt,EASYJET,69,-1
EU,GERMANY,MUC - Munich,BRITISH AIRWAYS,88,0
EU,FRANCE,CDG - Paris,BRITISH AIRWAYS,105,6
EU,UK,LGW - London,EASYJET,132,19
EU,GERMANY,FRA - Frankfurt,AIR FRANCE,78,14
EU,UK,LHR - London,EASYJET,119,8
EU,FRANCE,CDG - Paris,LUFTHANSA,150,6
EU,UK,LGW - London,EASYJET,59,16
EU,GERMANY,MUC - Munich,EASYJET,68,-6
EU,GERMANY,MUC - Munich,BRITISH AIRWAYS,79,5
EU,UK,LHR - London,LUFTHANSA,67,2
EU,GERMANY,MUC - Munich,LUFTHANSA,54,-3
EU,UK,LHR - London,EASYJET,72,8
EU,GERMANY,MUC - Munich,LUFTHANSA,131,-3
EU,GERMANY,MUC - Munich,EASYJET,76,12
EU,UK,LGW - London,BRITISH AIRWAYS,141,19
EU,UK,LHR - London,EASYJET,75,13
EU,UK,LGW - London,AIR FRANCE,147,-2
EU,FRANCE,ORY - Paris,AIR FRANCE,100,-3
EU,UK,LHR - London,AIR FRANCE,60,16
EU,GERMANY,FRA - Frankfurt,BRITISH AIRWAYS,101,17
EU,UK,LGW - London,LUFTHANSA,101,3
EU,GERMANY,FRA - Frankfurt,EASYJET,85,-7
EU,UK,LGW - London,EASYJET,76,10
EU,UK,LGW - London,AIR FRANCE,141,-10
EU,FRANCE,CDG - Paris,EASYJET,115,13
EU,FRANCE,CDG - Paris,LUFTHANSA,102,-10
EU,UK,LHR - London,LUFTHANSA,50,4
EU,FRANCE,CDG - Paris,AIR FRANCE,61,-9
EU,GERMANY,MUC - Munich,LUFTHANSA,97,12
EU,UK,LHR - London,AIR FRANCE,144,12
EU,FRANCE,CDG - Paris,AIR FRANCE,139,15
EU,FRANCE,CDG - Paris,EASYJET,67,-7
EU,UK,LHR - London,AIR FRANCE,150,12
EU,GERMANY,MUC - Munich,EASYJET,81,-5
EU,UK,LHR - London,AIR FRANCE,106,8
EU,UK,LHR - London,BRITISH AIRWAYS,90,-3
EU,GERMANY,MUC - Munich,BRITISH AIRWAYS,72,-9
EU,GERMANY,MUC - Munich,EASYJET,116,10
EU,UK,LGW - London,LUFTHANSA,147,8
EU,UK,LGW - London,AIR FRANCE,97,-6
EU,GERMANY,FRA - Frankfurt,LUFTHANSA,59,6
EU,GERMANY,FRA - Frankfurt,AIR FRANCE,137,16
EU,UK,LHR - London,EASYJET,105,-8
EU,FRANCE,CDG - Paris,AIR FRANCE,60,10
EU,GERMANY,FRA - Frankfurt,LUFTHANSA,78,8
EU,FRANCE,CDG - Paris,LUFTHANSA,92,-6
EU,UK,LGW - London,EASYJET,117,8
EU,FRANCE,ORY - Paris,LUFTHANSA,87,11
EU,UK,LGW - London,LUFTHANSA,56,-6
EU,GERMANY,MUC - Munich,AIR FRANCE,62,-4
EU,FRANCE,ORY - Paris,EASYJET,109,5
EU,FRANCE,CDG - Paris,EASYJET,99,7
EU,GERMANY,MUC - Munich,BRITISH AIRWAYS,117,6
EU,GERMANY,FRA - Frankfurt,AIR FRANCE,125,1
EU,FRANCE,ORY - Paris,AIR FRANCE,100,17
EU,GERMANY,FRA - Frankfurt,AIR FRANCE,138,18
EU,FRANCE,CDG - Paris,EASYJET,115,-3
EU,GERMANY,MUC - Munich,BRITISH AIRWAYS,129,0
EU,GERMANY,MUC - Munich,AIR FRANCE,77,19
EU,FRANCE,ORY - Paris,BRITISH AIRWAYS,70,6
EU,UK,LHR - London,EASYJET,61,14
EU,GERMANY,FRA - Frankfurt,EASYJET,138,20
EU,FRANCE,CDG - Paris,LUFTHANSA,117,14
EU,GERMANY,FRA - Frankfurt,BRITISH AIRWAYS,97,9
EU,FRANCE,CDG - Paris,AIR FRANCE,58,11
EU,UK,LHR - London,BRITISH AIRWAYS,50,4
EU,GERMANY,FRA - Frankfurt,AIR FRANCE,82,4
EU,FRANCE,CDG - Paris,EASYJET,75,2
EU,GERMANY,MUC - Munich,BRITISH AIRWAYS,88,12
EU,UK,LGW - London,EASYJET,60,10
EU,FRANCE,ORY - Paris,AIR FRANCE,135,1
EU,FRANCE,CDG - Paris,EASYJET,101,18
EU,GERMANY,MUC - Munich,EASYJET,103,-1
EU,FRANCE,CDG - Paris,AIR FRANCE,131,-5
EU,FRANCE,CDG - Paris,BRITISH AIRWAYS,127,8
EU,GERMANY,MUC - Munich,BRITISH AIRWAYS,62,15
EU,GERMANY,FRA - Frankfurt,EASYJET,134,13
EU,FRANCE,CDG - Paris,BRITISH AIRWAYS,64,-8
EU,GERMANY,MUC - Munich,AIR FRANCE,130,-7
EU,FRANCE,ORY - Paris,LUFTHANSA,96,4
EU,GERMANY,FRA - Frankfurt,LUFTHANSA,74,3
EU,UK,LHR - London,AIR FRANCE,114,20
EU,UK,LGW - London,AIR FRANCE,52,-5
EU,GERMANY,MUC - Munich,LUFTHANSA,50,10
EU,FRANCE,ORY - Paris,AIR FRANCE,129,-4
EU,UK,LHR - London,EASYJET,137,12
EU,GERMANY,MUC - Munich,LUFTHANSA,128,10
EU,UK,LHR - London,AIR FRANCE,78,7
EU,GERMANY,MUC - Munich,AIR FRANCE,143,13
EU,FRANCE,ORY - Paris,LUFTHANSA,58,2
EU,FRANCE,CDG - Paris,AIR FRANCE,72,4
EU,FRANCE,CDG - Paris,AIR FRANCE,52,12
EU,UK,LGW - London,AIR FRANCE,65,10
EU,UK,LGW - London,LUFTHANSA,111,19
EU,GERMANY,MUC - Munich,BRITISH AIRWAYS,131,0
EU,GERMANY,MUC - Munich,EASYJET,79,10
EU,FRANCE,ORY - Paris,BRITISH AIRWAYS,110,-4
EU,UK,LGW - London,LUFTHANSA,72,18
EU,GERMANY,MUC - Munich,LUFTHANSA,63,15
EU,GERMANY,MUC - Munich,LUFTHANSA,53,19
EU,UK,LHR - London,BRITISH AIRWAYS,97,-1
EU,GERMANY,MUC - Munich,LUFTHANSA,135,11
EU,FRANCE,ORY - Paris,BRITISH AIRWAYS,64,-8
EU,FRANCE,CDG - Paris,BRITISH AIRWAYS,129,1
EU,UK,LHR - London,AIR FRANCE,76,6
EU,UK,LGW - London,AIR FRANCE,53,-5
EU,UK,LHR - London,LUFTHANSA,118,-2
EU,UK,LGW - London,BRITISH AIRWAYS,101,10
EU,FRANCE,ORY - Paris,LUFTHANSA,135,7
EU,GERMANY,FRA - Frankfurt,EASYJET,72,10
EU,FRANCE,ORY - Paris,LUFTHANSA,150,14
EU,GERMANY,MUC - Munich,LUFTHANSA,148,20
EU,FRANCE,CDG - Paris,AIR FRANCE,130,4
EU,GERMANY,MUC - Munich,BRITISH AIRWAYS,125,-10
EU,GERMANY,FRA - Frankfurt,EASYJET,133,-6
EU,FRANCE,CDG - Paris,EASYJET,113,16
EU,UK,LHR - London,LUFTHANSA,132,5
EU,UK,LGW - London,LUFTHANSA,100,13
EU,GERMANY,FRA - Frankfurt,AIR FRANCE,127,11
EU,FRANCE,ORY - Paris,AIR FRANCE,57,13
EU,UK,LHR - London,BRITISH AIRWAYS,57,2
EU,FRANCE,ORY - Paris,LUFTHANSA,94,12
EU,UK,LGW - London,EASYJET,67,2
EU,GERMANY,MUC - Munich,BRITISH AIRWAYS,102,2
EU,FRANCE,ORY - Paris,LUFTHANSA,63,-1
EU,GERMANY,MUC - Munich,EASYJET,73,-5
EU,FRANCE,CDG - Paris,BRITISH AIRWAYS,94,-7
EU,FRANCE,ORY - Paris,EASYJET,65,-8
EU,UK,LGW - London,AIR FRANCE,85,13
EU,FRANCE,CDG - Paris,EASYJET,90,16
EU,GERMANY,FRA - Frankfurt,EASYJET,140,14
EU,UK,LHR - London,EASYJET,122,11
EU,FRANCE,ORY - Paris,EASYJET,124,11
EU,FRANCE,ORY - Paris,LUFTHANSA,67,17
EU,FRANCE,ORY - Paris,AIR FRANCE,51,-9
EU,UK,LGW - London,BRITISH AIRWAYS,57,-7
EU,FRANCE,CDG - Paris,LUFTHANSA,74,-9
EU,GERMANY,FRA - Frankfurt,EASYJET,63,19
EU,UK,LGW - London,EASYJET,52,-5
EU,UK,LGW - London,BRITISH AIRWAYS,132,-5
EU,UK,LHR - London,LUFTHANSA,127,19
EU,GERMANY,FRA - Frankfurt,AIR FRANCE,109,16
EU,UK,LGW - London,AIR FRANCE,50,-9
EU,GERMANY,MUC - Munich,EASYJET,143,4
EU,GERMANY,MUC - Munich,BRITISH AIRWAYS,87,13
EU,GERMANY,MUC - Munich,BRITISH AIRWAYS,132,6
EU,UK,LHR - London,AIR FRANCE,133,1
EU,UK,LGW - London,LUFTHANSA,76,9
EU,FRANCE,ORY - Paris,AIR FRANCE,127,5
EU,GERMANY,FRA - Frankfurt,LUFTHANSA,75,4
EU,GERMANY,MUC - Munich,LUFTHANSA,138,-4
EU,GERMANY,FRA - Frankfurt,AIR FRANCE,148,20
EU,UK,LHR - London,LUFTHANSA,64,-3
EU,UK,LHR - London,BRITISH AIRWAYS,86,8
EU,FRANCE,CDG - Paris,EASYJET,102,1
EU,GERMANY,MUC - Munich,LUFTHANSA,82,12
EU,UK,LHR - London,AIR FRANCE,60,13
EU,FRANCE,ORY - Paris,LUFTHANSA,97,16
EU,UK,LHR - London,AIR FRANCE,51,-10
EU,FRANCE,ORY - Paris,AIR FRANCE,120,-4
EU,GERMANY,MUC - Munich,AIR FRANCE,81,-6
EU,UK,LGW - London,EASYJET,68,1
EU,FRANCE,ORY - Paris,LUFTHANSA,75,0
EU,GERMANY,FRA - Frankfurt,EASYJET,140,6
EU,FRANCE,ORY - Paris,EASYJET,87,-5
EU,UK,LHR - London,EASYJET,114,-4
EU,UK,LGW - London,AIR FRANCE,52,1
EU,FRANCE,ORY - Paris,LUFTHANSA,101,-8
EU,GERMANY,MUC - Munich,EASYJET,116,-3
EU,FRANCE,ORY - Paris,AIR FRANCE,71,-1
EU,GERMANY,FRA - Frankfurt,LUFTHANSA,140,-9
EU,UK,LHR - London,AIR FRANCE,60,-3
EU,UK,LGW - London,EASYJET,122,2
EU,FRANCE,CDG - Paris,BRITISH AIRWAYS,76,-7
EU,UK,LGW - London,LUFTHANSA,111,-9
EU,GERMANY,MUC - Munich,LUFTHANSA,146,3
EU,GERMANY,MUC - Munich,EASYJET,58,16
EU,GERMANY,MUC - Munich,AIR FRANCE,65,9
EU,FRANCE,ORY - Paris,EASYJET,71,1
EU,UK,LGW - London,EASYJET,68,16
EU,FRANCE,CDG - Paris,EASYJET,142,-8
EU,FRANCE,CDG - Paris,EASYJET,54,12
EU,FRANCE,ORY - Paris,AIR FRANCE,65,7
EU,FRANCE,CDG - Paris,BRITISH AIRWAYS,107,3
EU,GERMANY,FRA - Frankfurt,LUFTHANSA,97,-4
EU,FRANCE,ORY - Paris,LUFTHANSA,114,0
EU,GERMANY,MUC - Munich,LUFTHANSA,85,14
EU,GERMANY,MUC - Munich,AIR FRANCE,93,7
EU,GERMANY,FRA - Frankfurt,EASYJET,82,7
EU,FRANCE,CDG - Paris,BRITISH AIRWAYS,64,10
EU,GERMANY,MUC - Munich,EASYJET,147,-3
EU,GERMANY,MUC - Munich,EASYJET,58,19
EU,FRANCE,CDG - Paris,BRITISH AIRWAYS,143,4
EU,UK,LGW - London,LUFTHANSA,105,-7
EU,GERMANY,MUC - Munich,AIR FRANCE,78,4
EU,UK,LHR - London,AIR FRANCE,104,3
EU,UK,LHR - London,AIR FRANCE,140,-9
EU,GERMANY,FRA - Frankfurt,LUFTHANSA,122,9
EU,FRANCE,CDG - Paris,BRITISH AIRWAYS,122,6
EU,GERMANY,FRA - Frankfurt,BRITISH AIRWAYS,118,0
EU,UK,LGW - London,BRITISH AIRWAYS,58,3
EU,FRANCE,CDG - Paris,LUFTHANSA,103,14
EU,FRANCE,CDG - Paris,BRITISH AIRWAYS,95,-8
EU,UK,LHR - London,LUFTHANSA,104,11
EU,FRANCE,ORY - Paris,AIR FRANCE,129,-1
EU,FRANCE,CDG - Paris,EASYJET,130,-7
EU,GERMANY,FRA - Frankfurt,EASYJET,107,6
EU,GERMANY,MUC - Munich,AIR FRANCE,143,-10
EU,GERMANY,FRA - Frankfurt,LUFTHANSA,141,15
EU,GERMANY,FRA - Frankfurt,AIR FRANCE,90,9
EU,UK,LHR - London,BRITISH AIRWAYS,122,17
EU,FRANCE,ORY - Paris,BRITISH AIRWAYS,125,5
EU,FRANCE,ORY - Paris,EASYJET,71,-6
EU,GERMANY,MUC - Munich,AIR FRANCE,69,11
EU,FRANCE,CDG - Paris,BRITISH AIRWAYS,118,17
EU,FRANCE,CDG - Paris,AIR FRANCE,60,-1
EU,GERMANY,FRA - Frankfurt,EASYJET,99,-2
EU,GERMANY,FRA - Frankfurt,AIR FRANCE,118,10
EU,FRANCE,CDG - Paris,EASYJET,101,7
EU,UK,LHR - London,BRITISH AIRWAYS,71,19
EU,GERMANY,MUC - Munich,EASYJET,144,2
EU,UK,LHR - London,LUFTHANSA,94,14
EU,GERMANY,FRA - Frankfurt,BRITISH AIRWAYS,60,3
EU,UK,LHR - London,AIR FRANCE,87,4
EU,FRANCE,CDG - Paris,AIR FRANCE,137,19
EU,FRANCE,CDG - Paris,BRITISH AIRWAYS,98,-5
EU,UK,LHR - London,LUFTHANSA,69,-2
EU,FRANCE,CDG - Paris,LUFTHANSA,95,9
EU,FRANCE,CDG - Paris,EASYJET,120,12
EU,UK,LGW - London,AIR FRANCE,130,18
EU,GERMANY,FRA - Frankfurt,AIR FRANCE,51,17
EU,GERMANY,FRA - Frankfurt,LUFTHANSA,114,-5
EU,FRANCE,CDG - Paris,EASYJET,116,0
EU,UK,LGW - London,LUFTHANSA,64,4
EU,UK,LHR - London,BRITISH AIRWAYS,59,12
EU,GERMANY,MUC - Munich,AIR FRANCE,110,3
EU,UK,LGW - London,EASYJET,77,-6
EU,UK,LHR - London,LUFTHANSA,101,9
EU,UK,LHR - London,AIR FRANCE,102,-8
EU,GERMANY,MUC - Munich,BRITISH AIRWAYS,84,18
EU,FRANCE,ORY - Paris,BRITISH AIRWAYS,101,16
EU,FRANCE,CDG - Paris,BRITISH AIRWAYS,128,20
EU,FRANCE,ORY - Paris,LUFTHANSA,142,-8
EU,UK,LGW - London,AIR FRANCE,83,7
EU,UK,LHR - London,LUFTHANSA,137,-9
EU,FRANCE,CDG - Paris,AIR FRANCE,109,2
EU,GERMANY,MUC - Munich,EASYJET,123,7
EU,GERMANY,MUC - Munich,EASYJET,87,10
EU,GERMANY,FRA - Frankfurt,AIR FRANCE,72,0
EU,GERMANY,MUC - Munich,BRITISH AIRWAYS,102,-1
EU,UK,LHR - London,EASYJET,67,-4
EU,UK,LGW - London,BRITISH AIRWAYS,111,17
EU,FRANCE,ORY - Paris,EASYJET,82,-5
EU,FRANCE,CDG - Paris,LUFTHANSA,74,-8
EU,FRANCE,CDG - Paris,EASYJET,132,-7
EU,FRANCE,ORY - Paris,EASYJET,111,17
EU,UK,LHR - London,LUFTHANSA,130,19
EU,UK,LGW - London,LUFTHANSA,72,-5
EU,UK,LGW - London,AIR FRANCE,150,16
EU,GERMANY,MUC - Munich,AIR FRANCE,84,-9
EU,UK,LGW - London,AIR FRANCE,94,-1
EU,FRANCE,ORY - Paris,AIR FRANCE,89,-5
EU,UK,LGW - London,LUFTHANSA,73,-4
EU,FRANCE,CDG - Paris,LUFTHANSA,90,10
EU,GERMANY,MUC - Munich,AIR FRANCE,105,-1
EU,FRANCE,ORY - Paris,EASYJET,64,-8
EU,GERMANY,MUC - Munich,EASYJET,94,-6
EU,UK,LHR - London,AIR FRANCE,133,19
EU,UK,LGW - London,BRITISH AIRWAYS,80,2
EU,UK,LGW - London,EASYJET,92,-4
EU,FRANCE,ORY - Paris,EASYJET,58,19
EU,FRANCE,CDG - Paris,EASYJET,136,12
EU,GERMANY,MUC - Munich,EASYJET,55,10
EU,UK,LGW - London,LUFTHANSA,110,9
EU,FRANCE,ORY - Paris,EASYJET,139,2
EU,UK,LHR - London,AIR FRANCE,87,-9
EU,UK,LHR - London,EASYJET,78,2
EU,UK,LHR - London,LUFTHANSA,125,-1
EU,FRANCE,CDG - Paris,EASYJET,113,-10
EU,UK,LHR - London,LUFTHANSA,146,19
EU,GERMANY,FRA - Frankfurt,AIR FRANCE,133,-6
EU,UK,LGW - London,LUFTHANSA,60,-4
EU,UK,LGW - London,BRITISH AIRWAYS,116,12
EU,GERMANY,MUC - Munich,LUFTHANSA,132,-8
EU,FRANCE,ORY - Paris,EASYJET,150,12
EU,GERMANY,MUC - Munich,EASYJET,113,-1
EU,FRANCE,ORY - Paris,EASYJET,117,5
EU,GERMANY,MUC - Munich,LUFTHANSA,92,19
EU,GERMANY,MUC - Munich,AIR FRANCE,142,3
EU,GERMANY,MUC - Munich,EASYJET,100,-6
EU,UK,LGW - London,BRITISH AIRWAYS,96,1
EU,FRANCE,ORY - Paris,AIR FRANCE,142,0
EU,UK,LHR - London,AIR FRANCE,73,15
EU,UK,LGW - London,AIR FRANCE,84,-2
EU,GERMANY,FRA - Frankfurt,LUFTHANSA,109,1
EU,FRANCE,ORY - Paris,LUFTHANSA,103,20
EU,GERMANY,MUC - Munich,EASYJET,128,0
EU,GERMANY,MUC - Munich,LUFTHANSA,101,0
EU,GERMANY,FRA - Frankfurt,LUFTHANSA,54,17
EU,UK,LHR - London,LUFTHANSA,111,0
EU,FRANCE,ORY - Paris,BRITISH AIRWAYS,94,17
EU,FRANCE,ORY - Paris,AIR FRANCE,144,-10
EU,FRANCE,ORY - Paris,AIR FRANCE,57,16
EU,GERMANY,MUC - Munich,AIR FRANCE,63,-6
EU,GERMANY,FRA - Frankfurt,EASYJET,94,20
EU,FRANCE,ORY - Paris,EASYJET,138,-6
EU,FRANCE,ORY - Paris,LUFTHANSA,125,20
EU,GERMANY,FRA - Frankfurt,AIR FRANCE,131,18
EU,GERMANY,FRA - Frankfurt,LUFTHANSA,80,19
EU,FRANCE,ORY - Paris,EASYJET,84,2
EU,FRANCE,CDG - Paris,BRITISH AIRWAYS,88,-10
EU,UK,LHR - London,LUFTHANSA,66,-6
EU,GERMANY,MUC - Munich,EASYJET,134,7
EU,FRANCE,CDG - Paris,EASYJET,52,1
EU,UK,LGW - London,AIR FRANCE,86,0
EU,GERMANY,MUC - Munich,LUFTHANSA,97,5
EU,GERMANY,FRA - Frankfurt,EASYJET,73,-9
EU,UK,LHR - London,BRITISH AIRWAYS,84,10
EU,UK,LGW - London,AIR FRANCE,109,7
EU,UK,LHR - London,AIR FRANCE,103,8
EU,UK,LHR - London,EASYJET,70,1
EU,UK,LHR - London,BRITISH AIRWAYS,90,15
EU,FRANCE,CDG - Paris,AIR FRANCE,132,18
EU,GERMANY,MUC - Munich,AIR FRANCE,144,18
EU,FRANCE,CDG - Paris,LUFTHANSA,144,-1
EU,UK,LGW - London,LUFTHANSA,61,2
EU,FRANCE,ORY - Paris,BRITISH AIRWAYS,66,-2
EU,FRANCE,CDG - Paris,BRITISH AIRWAYS,51,10
EU,UK,LHR - London,AIR FRANCE,64,13
EU,UK,LHR - London,EASYJET,93,14
EU,FRANCE,ORY - Paris,BRITISH AIRWAYS,124,12
EU,GERMANY,MUC - Munich,AIR FRANCE,126,15
EU,GERMANY,MUC - Munich,BRITISH AIRWAYS,150,-2
EU,GERMANY,MUC - Munich,AIR FRANCE,126,-5
EU,UK,LHR - London,LUFTHANSA,91,6
EU,UK,LGW - London,BRITISH AIRWAYS,54,-4
EU,UK,LHR - London,BRITISH AIRWAYS,69,-1
EU,GERMANY,FRA - Frankfurt,BRITISH AIRWAYS,124,16
EU,GERMANY,FRA - Frankfurt,EASYJET,125,-7
EU,GERMANY,MUC - Munich,EASYJET,136,18
EU,UK,LGW - London,LUFTHANSA,138,17
EU,FRANCE,ORY - Paris,EASYJET,134,-5
EU,FRANCE,ORY - Paris,AIR FRANCE,107,-6
EU,GERMANY,FRA - Frankfurt,AIR FRANCE,73,-8
EU,GERMANY,MUC - Munich,LUFTHANSA,54,11
EU,FRANCE,ORY - Paris,AIR FRANCE,83,-6
EU,GERMANY,FRA - Frankfurt,LUFTHANSA,126,15
EU,FRANCE,ORY - Paris,BRITISH AIRWAYS,102,9
EU,FRANCE,ORY - Paris,BRITISH AIRWAYS,59,-4
EU,UK,LGW - London,EASYJET,126,4
EU,UK,LHR - London,LUFTHANSA,109,1
EU,GERMANY,MUC - Munich,EASYJET,133,-8
EU,UK,LHR - London,LUFTHANSA,66,11
EU,GERMANY,FRA - Frankfurt,AIR FRANCE,89,7
EU,UK,LHR - London,AIR FRANCE,99,3
EU,UK,LGW - London,LUFTHANSA,54,12
EU,UK,LHR - London,AIR FRANCE,136,16
EU,FRANCE,ORY - Paris,EASYJET,69,11
EU,GERMANY,FRA - Frankfurt,LUFTHANSA,96,19
EU,FRANCE,ORY - Paris,EASYJET,62,7
EU,GERMANY,MUC - Munich,BRITISH AIRWAYS,62,-4
EU,UK,LGW - London,EASYJET,62,10
EU,UK,LGW - London,BRITISH AIRWAYS,109,9
EU,UK,LHR - London,BRITISH AIRWAYS,109,-9
EU,FRANCE,CDG - Paris,LUFTHANSA,134,18
EU,FRANCE,CDG - Paris,LUFTHANSA,60,16
EU,FRANCE,ORY - Paris,AIR FRANCE,89,0
EU,GERMANY,FRA - Frankfurt,LUFTHANSA,112,14
EU,UK,LHR - London,LUFTHANSA,97,-5
EU,GERMANY,MUC - Munich,BRITISH AIRWAYS,97,-6
EU,FRANCE,ORY - Paris,LUFTHANSA,64,9
EU,GERMANY,FRA - Frankfurt,AIR FRANCE,58,0
EU,UK,LGW - London,AIR FRANCE,149,-4
EU,GERMANY,FRA - Frankfurt,EASYJET,85,-6
EU,FRANCE,CDG - Paris,AIR FRANCE,62,-8
EU,UK,LHR - London,BRITISH AIRWAYS,106,-2
EU,FRANCE,ORY - Paris,BRITISH AIRWAYS,116,10
EU,FRANCE,ORY - Paris,EASYJET,143,6
EU,FRANCE,ORY - Paris,EASYJET,90,14
EU,UK,LGW - London,BRITISH AIRWAYS,64,2
EU,GERMANY,FRA - Frankfurt,LUFTHANSA,104,-9
EU,FRANCE,ORY - Paris,AIR FRANCE,148,9
EU,UK,LGW - London,EASYJET,81,19
EU,UK,LHR - London,EASYJET,140,-6
EU,GERMANY,FRA - Frankfurt,AIR FRANCE,111,6
EU,FRANCE,CDG - Paris,EASYJET,131,8
EU,FRANCE,CDG - Paris,AIR FRANCE,138,4
EU,GERMANY,MUC - Munich,LUFTHANSA,52,2
EU,GERMANY,FRA - Frankfurt,LUFTHANSA,81,-10
EU,UK,LGW - London,EASYJET,122,1
EU,GERMANY,MUC - Munich,EASYJET,142,-3
EU,FRANCE,CDG - Paris,AIR FRANCE,73,-3
EU,UK,LGW - London,EASYJET,92,-9
EU,GERMANY,FRA - Frankfurt,AIR FRANCE,56,18
EU,GERMANY,FRA - Frankfurt,BRITISH AIRWAYS,110,-3
EU,FRANCE,CDG - Paris,LUFTHANSA,88,6
EU,FRANCE,CDG - Paris,AIR FRANCE,142,8
EU,GERMANY,FRA - Frankfurt,LUFTHANSA,98,-2
EU,FRANCE,ORY - Paris,EASYJET,102,2
EU,UK,LGW - London,EASYJET,131,10
EU,UK,LGW - London,LUFTHANSA,121,3
EU,UK,LHR - London,LUFTHANSA,114,-6
EU,UK,LGW - London,EASYJET,93,20
EU,UK,LGW - London,AIR FRANCE,112,17
EU,FRANCE,ORY - Paris,LUFTHANSA,97,19
EU,FRANCE,ORY - Paris,EASYJET,142,1
EU,FRANCE,CDG - Paris,AIR FRANCE,60,16
EU,FRANCE,ORY - Paris,BRITISH AIRWAYS,53,10
EU,UK,LHR - London,AIR FRANCE,144,6
EU,FRANCE,CDG - Paris,LUFTHANSA,129,-3
EU,UK,LGW - London,EASYJET,91,11
EU,FRANCE,ORY - Paris,AIR FRANCE,139,-6
EU,UK,LGW - London,AIR FRANCE,134,19
EU,GERMANY,MUC - Munich,EASYJET,114,19
EU,FRANCE,ORY - Paris,AIR FRANCE,149,6
EU,FRANCE,ORY - Paris,AIR FRANCE,118,9
EU,GERMANY,MUC - Munich,LUFTHANSA,83,-9
EU,UK,LGW - London,LUFTHANSA,74,8
EU,FRANCE,ORY - Paris,LUFTHANSA,61,-9
EU,FRANCE,CDG - Paris,BRITISH AIRWAYS,133,-6
EU,FRANCE,ORY - Paris,BRITISH AIRWAYS,87,5
EU,GERMANY,FRA - Frankfurt,EASYJET,123,8
EU,FRANCE,CDG - Paris,AIR FRANCE,51,9
EU,UK,LHR - London,BRITISH AIRWAYS,142,-3
EU,GERMANY,FRA - Frankfurt,EASYJET,118,13
EU,UK,LHR - London,AIR FRANCE,124,-2
EU,UK,LGW - London,LUFTHANSA,110,16
EU,GERMANY,MUC - Munich,EASYJET,75,1
EU,GERMANY,MUC - Munich,AIR FRANCE,92,16
EU,FRANCE,CDG - Paris,LUFTHANSA,149,-8
EU,GERMANY,MUC - Munich,BRITISH AIRWAYS,140,5
EU,UK,LGW - London,BRITISH AIRWAYS,113,14
EU,UK,LHR - London,AIR FRANCE,84,-1
EU,UK,LHR - London,AIR FRANCE,110,-9
EU,UK,LHR - London,LUFTHANSA,108,7
EU,GERMANY,FRA - Frankfurt,EASYJET,131,10
EU,UK,LHR - London,BRITISH AIRWAYS,111,12
EU,FRANCE,ORY - Paris,BRITISH AIRWAYS,89,-3
EU,UK,LHR - London,BRITISH AIRWAYS,76,13
EU,UK,LGW - London,AIR FRANCE,65,5
EU,FRANCE,CDG - Paris,LUFTHANSA,94,-2
EU,FRANCE,CDG - Paris,EASYJET,53,-2
EU,GERMANY,FRA - Frankfurt,LUFTHANSA,114,9
EU,FRANCE,ORY - Paris,BRITISH AIRWAYS,122,16
EU,UK,LGW - London,AIR FRANCE,89,-10
EU,FRANCE,ORY - Paris,EASYJET,63,18
EU,UK,LGW - London,BRITISH AIRWAYS,140,10
EU,FRANCE,ORY - Paris,LUFTHANSA,91,7
EU,FRANCE,ORY - Paris,BRITISH AIRWAYS,83,17
EU,GERMANY,MUC - Munich,LUFTHANSA,64,-10
EU,FRANCE,ORY - Paris,AIR FRANCE,74,9
EU,GERMANY,FRA - Frankfurt,LUFTHANSA,83,0
EU,GERMANY,MUC - Munich,EASYJET,50,15
EU,FRANCE,CDG - Paris,AIR FRANCE,138,0
EU,FRANCE,ORY - Paris,LUFTHANSA,124,5
EU,UK,LHR - London,EASYJET,80,15
EU,UK,LGW - London,AIR FRANCE,106,1
EU,UK,LHR - London,BRITISH AIRWAYS,139,13
EU,FRANCE,ORY - Paris,EASYJET,118,-6
EU,GERMANY,MUC - Munich,BRITISH AIRWAYS,56,6
EU,GERMANY,FRA - Frankfurt,BRITISH AIRWAYS,50,9
EU,UK,LHR - London,EASYJET,114,7
EU,FRANCE,ORY - Paris,AIR FRANCE,80,3
EU,FRANCE,ORY - Paris,BRITISH AIRWAYS,59,-2
EU,FRANCE,ORY - Paris,AIR FRANCE,149,10
EU,GERMANY,FRA - Frankfurt,AIR FRANCE,115,11
EU,UK,LGW - London,LUFTHANSA,147,-4
EU,UK,LGW - London,BRITISH AIRWAYS,59,6
EU,UK,LHR - London,LUFTHANSA,131,-10
EU,GERMANY,MUC - Munich,AIR FRANCE,87,19
EU,UK,LGW - London,AIR FRANCE,65,15
EU,GERMANY,MUC - Munich,EASYJET,121,3
EU,UK,LHR - London,BRITISH AIRWAYS,71,7
EU,FRANCE,CDG - Paris,AIR FRANCE,126,11
EU,FRANCE,CDG - Paris,BRITISH AIRWAYS,81,11
EU,UK,LGW - London,EASYJET,89,8
EU,FRANCE,ORY - Paris,AIR FRANCE,55,-4
EU,FRANCE,ORY - Paris,EASYJET,93,17
EU,GERMANY,FRA - Frankfurt,AIR FRANCE,61,18
EU,UK,LHR - London,EASYJET,141,12
EU,UK,LGW - London,BRITISH AIRWAYS,65,4
EU,FRANCE,CDG - Paris,LUFTHANSA,80,11
EU,GERMANY,MUC - Munich,LUFTHANSA,90,20
EU,UK,LGW - London,LUFTHANSA,140,6
EU,FRANCE,CDG - Paris,AIR FRANCE,91,-7
EU,UK,LHR - London,EASYJET,111,15
EU,FRANCE,ORY - Paris,EASYJET,112,-10
EU,UK,LHR - London,BRITISH AIRWAYS,147,12
EU,FRANCE,ORY - Paris,EASYJET,79,13
EU,UK,LGW - London,LUFTHANSA,121,14
EU,UK,LHR - London,LUFTHANSA,149,1
EU,GERMANY,MUC - Munich,LUFTHANSA,132,17
EU,GERMANY,FRA - Frankfurt,LUFTHANSA,132,3
EU,FRANCE,CDG - Paris,LUFTHANSA,136,19
EU,FRANCE,ORY - Paris,BRITISH AIRWAYS,146,14
EU,GERMANY,FRA - Frankfurt,LUFTHANSA,93,2
EU,UK,LHR - London,EASYJET,149,4
EU,UK,LHR - London,BRITISH AIRWAYS,80,11
EU,UK,LHR - London,BRITISH AIRWAYS,93,9
EU,FRANCE,CDG - Paris,EASYJET,126,-3
EU,FRANCE,CDG - Paris,AIR FRANCE,82,-4
EU,GERMANY,MUC - Munich,EASYJET,107,-3
EU,GERMANY,FRA - Frankfurt,LUFTHANSA,95,4
EU,UK,LHR - London,BRITISH AIRWAYS,75,-5
EU,UK,LHR - London,BRITISH AIRWAYS,69,9
EU,GERMANY,FRA - Frankfurt,AIR FRANCE,53,-8
EU,GERMANY,MUC - Munich,AIR FRANCE,119,16
EU,FRANCE,CDG - Paris,LUFTHANSA,130,-3
EU,FRANCE,CDG - Paris,LUFTHANSA,50,8
EU,UK,LGW - London,LUFTHANSA,74,11
EU,UK,LHR - London,LUFTHANSA,103,19
EU,FRANCE,CDG - Paris,EASYJET,141,-10
EU,GERMANY,MUC - Munich,BRITISH AIRWAYS,68,-7
EU,UK,LGW - London,EASYJET,118,-6
EU,GERMANY,MUC - Munich,EASYJET,149,0
EU,FRANCE,CDG - Paris,EASYJET,93,-9
EU,GERMANY,MUC - Munich,BRITISH AIRWAYS,149,-4
EU,UK,LHR - London,EASYJET,105,14
EU,FRANCE,CDG - Paris,AIR FRANCE,133,12
EU,UK,LHR - London,BRITISH AIRWAYS,121,17
EU,GERMANY,MUC - Munich,LUFTHANSA,68,6
EU,GERMANY,MUC - Munich,BRITISH AIRWAYS,124,8
EU,FRANCE,CDG - Paris,LUFTHANSA,58,-3
EU,GERMANY,FRA - Frankfurt,EASYJET,90,19
EU,FRANCE,ORY - Paris,LUFTHANSA,68,15
EU,FRANCE,CDG - Paris,LUFTHANSA,136,-7
EU,UK,LGW - London,BRITISH AIRWAYS,92,-10
EU,UK,LGW - London,AIR FRANCE,98,-1
EU,GERMANY,MUC - Munich,AIR FRANCE,150,10
EU,FRANCE,CDG - Paris,BRITISH AIRWAYS,91,-7
EU,FRANCE,ORY - Paris,EASYJET,68,6
EU,UK,LHR - London,LUFTHANSA,134,-1
EU,FRANCE,CDG - Paris,EASYJET,144,-9
EU,UK,LHR - London,AIR FRANCE,103,9
EU,FRANCE,CDG - Paris,AIR FRANCE,138,-10
EU,FRANCE,CDG - Paris,BRITISH AIRWAYS,112,-6
EU,UK,LGW - London,EASYJET,110,14
EU,FRANCE,ORY - Paris,BRITISH AIRWAYS,125,-4
EU,GERMANY,FRA - Frankfurt,AIR FRANCE,93,18
EU,GERMANY,FRA - Frankfurt,BRITISH AIRWAYS,94,-5
EU,FRANCE,ORY - Paris,BRITISH AIRWAYS,82,6
EU,GERMANY,FRA - Frankfurt,AIR FRANCE,134,16
EU,FRANCE,ORY - Paris,AIR FRANCE,53,19
EU,FRANCE,CDG - Paris,BRITISH AIRWAYS,72,-7
EU,UK,LHR - London,LUFTHANSA,91,3
EU,UK,LHR - London,EASYJET,113,14
EU,GERMANY,MUC - Munich,EASYJET,103,-6
EU,UK,LGW - London,LUFTHANSA,145,18
EU,GERMANY,MUC - Munich,AIR FRANCE,107,3
EU,UK,LGW - London,LUFTHANSA,92,-1
EU,UK,LHR - London,AIR FRANCE,96,9
EU,UK,LGW - London,LUFTHANSA,145,2
EU,UK,LHR - London,BRITISH AIRWAYS,102,1
EU,FRANCE,ORY - Paris,EASYJET,138,20
EU,GERMANY,FRA - Frankfurt,AIR FRANCE,117,5
EU,FRANCE,ORY - Paris,BRITISH AIRWAYS,70,9
EU,GERMANY,FRA - Frankfurt,BRITISH AIRWAYS,145,18
EU,FRANCE,ORY - Paris,EASYJET,72,6
EU,UK,LGW - London,LUFTHANSA,117,19
EU,FRANCE,CDG - Paris,AIR FRANCE,123,-10
EU,GERMANY,FRA - Frankfurt,EASYJET,137,14
EU,UK,LGW - London,LUFTHANSA,128,7
EU,GERMANY,MUC - Munich,BRITISH AIRWAYS,143,15
EU,UK,LGW - London,EASYJET,100,-8
EU,FRANCE,CDG - Paris,EASYJET,110,10
EU,FRANCE,CDG - Paris,AIR FRANCE,71,-1
EU,GERMANY,MUC - Munich,BRITISH AIRWAYS,86,19
EU,FRANCE,CDG - Paris,EASYJET,149,0
EU,FRANCE,CDG - Paris,AIR FRANCE,118,9
EU,UK,LGW - London,LUFTHANSA,72,-8
EU,GERMANY,MUC - Munich,AIR FRANCE,99,3
EU,FRANCE,CDG - Paris,BRITISH AIRWAYS,108,20
EU,UK,LHR - London,AIR FRANCE,51,10
EU,FRANCE,ORY - Paris,LUFTHANSA,69,-4
EU,GERMANY,FRA - Frankfurt,LUFTHANSA,69,-5
EU,FRANCE,CDG - Paris,EASYJET,94,4
EU,GERMANY,MUC - Munich,LUFTHANSA,123,1
EU,GERMANY,MUC - Munich,EASYJET,139,-6
EU,FRANCE,CDG - Paris,AIR FRANCE,97,13
EU,FRANCE,CDG - Paris,AIR FRANCE,95,18
EU,GERMANY,FRA - Frankfurt,LUFTHANSA,115,17
EU,FRANCE,ORY - Paris,LUFTHANSA,89,2
EU,FRANCE,CDG - Paris,EASYJET,106,1
EU,GERMANY,FRA - Frankfurt,LUFTHANSA,128,6
EU,FRANCE,CDG - Paris,BRITISH AIRWAYS,101,12
EU,UK,LGW - London,BRITISH AIRWAYS,72,12
EU,GERMANY,MUC - Munich,BRITISH AIRWAYS,56,8
EU,FRANCE,CDG - Paris,BRITISH AIRWAYS,110,0
EU,UK,LHR - London,EASYJET,80,8
EU,FRANCE,ORY - Paris,EASYJET,119,12
EU,GERMANY,FRA - Frankfurt,BRITISH AIRWAYS,132,-5
EU,UK,LGW - London,BRITISH AIRWAYS,128,3
EU,UK,LHR - London,BRITISH AIRWAYS,89,7
EU,GERMANY,MUC - Munich,AIR FRANCE,130,4
EU,GERMANY,FRA - Frankfurt,EASYJET,106,17
EU,FRANCE,CDG - Paris,BRITISH AIRWAYS,125,-7
EU,GERMANY,MUC - Munich,BRITISH AIRWAYS,135,13
EU,GERMANY,MUC - Munich,BRITISH AIRWAYS,129,11
EU,FRANCE,ORY - Paris,LUFTHANSA,53,13
EU,GERMANY,MUC - Munich,LUFTHANSA,100,8
EU,UK,LGW - London,BRITISH AIRWAYS,60,11
EU,UK,LGW - London,EASYJET,98,9
EU,FRANCE,ORY - Paris,AIR FRANCE,95,-8
