Lab ,Medication Description,Formula or active principle,Reference price (mxn) without agreement June 2022 ,Reference price (mxn) with agreement June 2022,Discount
SAVAL S.A.,ZOMEL HP X28DOSIS,AMOXICILINA + ESOMEPRAZOL + CLARITROMICI,$47.40,$32.71,31%
TECNOFARMA LTDA.,ZOLTUM 40mg X28COM.,PANTOPRAZOL,$30.30,$18.18,40%
ASCEND LABORATORIES SPA,ZETIROL (B) 10/20 X28COM.,SIMVASTATINA + EZETIMIBA,$42.00,$26.46,37%
D&M PHARMA S.A.,ZEPIKEN (B) 0.2% SOF 5ml,OLOPATADINA,$17.90,$13.25,26%
GLAXO,ZENTEL 400mg X3COM.,ALBENDAZOL,$28.20,$20.59,27%
GRUNENTHAL,ZALDIAR X20COM.REC.,PARACETAMOL + TRAMADOL,$27.90,$16.46,41%
ASTRA ZENECA,XIGDUO XR 5mg/1000mg COM.X56,DAPAGLIFLOZINA +METFORMINA,$43.00,$34.83,19%
ASTRA ZENECA,XIGDUO XR 10mg/1000mg COM.X28,DAPAGLIFLOZINA +METFORMINA,$40.00,$32.00,20%
TECNOFARMA LTDA.,XGEVA 120mg AMP.X1,DENOSUMAB,$344.60,$292.91,15%
BAYER ETICO,XARELTO 20mg X28COM.REC.,RIVAROXABAN,$76.90,$53.83,30%
BAYER ETICO,XARELTO 15mg X28COM.REC.,RIVAROXABAN,$70.80,$49.56,30%
BAYER ETICO,XARELTO 10mg COMP.X10,RIVAROXABAN,$45.00,$36.45,19%
PFIZER,XALATAN SOL.OFT.2.5ml,LATANOPROST,$44.00,$32.12,27%
MSD- ORGANON,VYTORIN 10/20 COMP.X28,SIMVASTATINA + EZETIMIBA,$51.30,$35.91,30%
PHARMA INVESTI,VIVIMEX 20 20mg X30COM.REC.,MEMANTINA,$44.40,$26.20,41%
PHARMA INVESTI,VIVIMEX 10mg X60COM.REC.,MEMANTINA,$37.60,$21.81,42%
ITF ,VITERNUM VITAM.JBE.X125ml,DIHEXAZIN,$22.60,$12.66,44%
MEDIPHARM,VITABRAL X60CAP.BLANDAS,"ACIDO GLUTAMICO, COMPLEJO B",$21.00,$15.75,25%
EXELTIS,VIORA CD (B) X28COM.REC.,ETINILESTRADIOL + CLORMADINONA,$17.60,$14.96,15%
PHARMASAN S.A.,VIGISOM 2mg COM.X30,MELATONINA,$36.50,$30.29,17%
NOVONORDISK,VICTOZA 6mg/ml PENFILL 3ml,LIRAGLUTIDA,$81.70,$64.54,21%
SAVAL S.A.,VERTIUM 25mg X40COM.,DIFENIDOL,$20.70,$11.59,44%
D&M PHARMA S.A.,VERRUFILM SOL.X14ml,ACIDO SALICILICO + ACIDO LACTICO + COLODION,$24.70,$15.81,36%
ANDROMACO FARMA,VENARTEL 500mg X60COM.REC.,DIOSMINA (FLAVONOIDES RUTACEAS),$55.80,$39.06,30%
FERRER,VASTAREL MR 35mg COMP.X30,TRIMETAZIDINA,$20.70,$14.90,28%
PHARMA INVESTI,VANTUX MAX CAPS.X60,"L-METIONINA, L-CISTE√çNA, QUELATO DE ZINC",$18.90,$13.04,31%
LABORATORIO OTROS,VALAPLEX D FTE.160/25 X30COM.REC.,VALSARTAN + HIDROCLOROTIAZIDA,$17.80,$12.28,31%
BIOTOSCANA,URSOFALK 500mg X50COM.REC,ACIDO URSODESOXICOLICO,$127.80,$100.96,21%
BIOTOSCANA,URSOFALK 250mg/5ml S.O.X250ml,ACIDO URSODESOXICOLICO,$67.50,$57.37,15%
SYNTHON,URICONT TU FTE.COMP.X30,OXIBUTININA,$33.00,$18.48,44%
SYNTHON,URICONT TU COMP.X30,OXIBUTININA,$29.00,$17.98,38%
NOVARTIS,ULTIBRO BREEZHALER X30CAP.,INDACATEROL + GLICOPIRRONIO,$60.00,$44.40,26%
BAGO,TUSIGEN (B) JBE.X120ml,CODEINA + PSEUDOEFEDRINA + CLORFENAMINA,$18.10,$12.67,30%
EUROFARMA,TUNTA (B) 300mg X30COM.REC,PROPAFENONA,$31.00,$16.12,48%
ITF ,TROMBEX (B) 20mg X28COM.REC,RIVAROXABAN,$56.00,$40.32,28%
ITF ,TROMBEX (B) 15mg X28COM.REC.,RIVAROXABAN,$56.00,$43.12,23%
LABORATORIO OTROS,TRITTICO AC 150mg X20COM.PROL.,TRAZODONA,$49.90,$33.93,32%
LABORATORIO OTROS,TRITTICO 25mg X20CAP.,TRAZODONA,$21.40,$11.34,47%
LABORATORIO OTROS,TRITTICO 100mg X20COM.,TRAZODONA,$30.30,$19.69,35%
SAVAL S.A.,TRIM 300mg COMP.X30,TRIMEBUTINO,$46.40,$32.02,31%
AXON PHARMA,TRILEPTAL 600mg COMP.X60,OXCARBAZEPINA,$122.80,$85.96,30%
AXON PHARMA,TRILEPTAL 300mg X60COM.REC.,OXCARBAZEPINA,$62.90,$42.14,33%
AXON PHARMA,TRILEPTAL 300mg X30COM.,OXCARBAZEPINA,$34.00,$26.52,22%
BOEHRINGER INGELHEIM,TRAYENTA DUO 2.5mg/500 COMP.X60,LINAGLIPTINA + METFORMINA,$44.80,$31.36,30%
BOEHRINGER INGELHEIM,TRAYENTA DUO 2.5/1000 X60COM.,LINAGLIPTINA + METFORMINA,$47.10,$35.80,24%
BOEHRINGER INGELHEIM,TRAYENTA 5mg COMP.X30,LINAGLIPTINA,$46.70,$31.29,33%
SAVAL S.A.,"TRAVOF SP (R) 0,004% 2.5ml",TRAVOPROST,$21.40,$13.05,39%
ANDROMACO FARMA,TRAVIATA (B) 20mg X30COM.REC.,PAROXETINA,$43.80,$31.97,27%
GRUNENTHAL,TRAMAL LONG (R) 50mg X20COM.PROL.,TRAMADOL,$26.50,$14.57,45%
GRUNENTHAL,TRAMAL LONG (R) 100mg X10COM.,TRAMADOL,$32.00,$19.20,40%
GRUNENTHAL,TRAMAL (B) 100mg/ml GTAS.X10ml,TRAMADOL,$24.50,$13.23,46%
ITF ,TRAM-ONE 100mg X10CAP.LIB.PROL.,TRAMADOL,$22.00,$15.40,30%
AVENTIS,TOUJEO 300UI/ml LAP.PRELL.1.5ml X1,INSULINA GLARGINA,$35.50,$22.01,38%
RECALCINE,TOPREL (B) 25mg X30COM.REC.,TOPIRAMATO,$24.50,$14.70,40%
RECALCINE,TOPREL (B) 100mg X30COM.REC.,TOPIRAMATO,$61.50,$43.05,30%
TECNOFARMA LTDA.,TOPICTAL (B) 50mg X28COM.REC.,TOPIRAMATO,$32.70,$26.16,20%
TECNOFARMA LTDA.,TOPICTAL (B) 25mg X28COM.REC.,TOPIRAMATO,$24.80,$19.84,20%
LABORATORIO OTROS,TONO TENSIL 10mg X30COM.,LISINOPRIL,$22.50,$19.12,15%
LABORATORIO OTROS,TONARIL 2mg X100COM.,TRIHEXIFENIDILO,$24.20,$12.10,50%
RECALCINE,"TINOX (B) 2,5mg X30COM.",TIBOLONA,$26.60,$15.96,40%
MERCK SA,THYROZOL 10mg X50COM.REC.,TIAMAZOL,$32.60,$20.21,38%
THEA PHARMA SPA,THEALOZ DUO SOL.OFT.10ml,TREHALOSA + HIALURONATO DE SODIO,$27.90,$20.65,26%
LABORATORIO OTROS,TENSUREN (B) 40mg X30COM,TELMISARTAN,$20.60,$15.66,24%
SAVAL S.A.,"TELLMI-D 80/12,5mg X30COMP",TELMISARTAN + HIDROCLOROTIAZIDA,$25.10,$16.06,36%
SAVAL S.A.,TELLMI-D 40mg/12.5mg X30COMP,TELMISARTAN + HIDROCLOROTIAZIDA,$22.00,$15.84,28%
SAVAL S.A.,TELLMI (B) 80mg X30COMP,TELMISARTAN,$26.40,$15.84,40%
AXON PHARMA,TEGRETAL (R) 200mg X20COM.,CARBAMAZEPINA,$32.60,$18.26,44%
AXON PHARMA,TAREG D 80/12.5 X56COM.REC,VALSARTAN + HIDROCLOROTIAZIDA,$80.50,$57.96,28%
AXON PHARMA,TAREG D 80/12.5 X28COM.REC.,VALSARTAN + HIDROCLOROTIAZIDA,$51.80,$35.22,32%
AXON PHARMA,TAREG D 160/12.5 X28COM.REC.,VALSARTAN + HIDROCLOROTIAZIDA,$55.60,$35.58,36%
AXON PHARMA,TAREG (R) 160mg X28COM.REC.,VALSARTAN,$41.20,$33.37,19%
ALCON,SYSTANE ULTRA SOL.OFT.10ml,MACROGOL + PROPILENGLICOL,$20.10,$16.68,17%
ALCON,SYSTANE COMPLETE 0.6% OF X10ml,PROPILENGLICOL,$27.20,$21.76,20%
ITF ,SULPILAN (B) 50mg X60CAP.,SULPIRIDE,$24.70,$14.33,42%
BPH S.A,SULFASALAZINA 500mg X100COM.REC.,SULFASALAZINA,$35.00,$19.60,44%
BAMBERG/SCHUBERT,SULFADIAZINA DE PLATA/LIDO/RETINOL CR. X,SULFADIAZINA DE PLATA,$23.30,$13.28,43%
AXON PHARMA,STRESAM 50mg CAPS.X60,ETIFOXINA,$35.40,$24.78,30%
TECNOFARMA LTDA.,STRATTERA (R) 40mg X14CAP.,ATOMOXETINA,$54.80,$46.58,15%
ANDROMACO FARMA,SPIRON 1mg/ml GTAS.X30ml,RISPERIDONA,$27.20,$20.40,25%
ANDROMACO FARMA,SPIRON (B) 1mg X30COM.REC.,RISPERIDONA,$31.30,$20.34,35%
BOEHRINGER INGELHEIM,SPIRIVA RESPIMAT 2.5mcg INH.X30DS,TIOTROPIO BROMURO,$72.80,$50.96,30%
BOEHRINGER INGELHEIM,SPIOLTO RESPIMAT 2.5/2.5 INH.30DS.,OLODATEROL CLORHIDRATO+BROMURO DE TIOTRO,$75.20,$54.90,27%
RECALCINE,SPASMODOX 40mg COMP.X30,OTILONIO BROMURO,$20.50,$15.99,22%
SYNTHON,SPASMEX 30mg COM.X30,TROSPIO CLORURO,$34.50,$21.73,37%
SOPHIA,SOPHIPREN OFTENO 1% SOF.X5ml,PREDNISOLONA ACETATO COLIRIO,$21.00,$12.60,40%
SANOFI,SOCIAN 50mg COMP.X20,AMISULPRIDA,$25.40,$21.59,15%
LABORATORIO OTROS,SINCRIS (B) 5mg X30COM.REC.,OLANZAPINA,$25.50,$18.10,29%
LABORATORIO OTROS,SINCRIS (B) 10mg X30COM.REC.,OLANZAPINA,$36.80,$24.29,34%
PASTEUR OPHTHA,SIMBRINZA SOF.5ml,BRIMONIDINA TARTRATO+BRINZOLAMIDA,$35.30,$21.89,38%
BOEHRINGER INGELHEIM,SIFROL ER (R) 1.5mg X30COM.PROL.,PRAMIPEXOLE,$108.00,$64.80,40%
BOEHRINGER INGELHEIM,SIFROL (R) 1mg X30COM.,PRAMIPEXOLE,$79.30,$56.30,29%
BOEHRINGER INGELHEIM,SIFROL (R) 0.25mg X30COM.,PRAMIPEXOLE,$31.20,$18.72,40%
THEA PHARMA SPA,SICCAFLUID GEL OF.X10g,CARBOMER 974,$22.30,$16.06,28%
ANDROMACO FARMA,SERTAC (B) 50mg X30COM.REC.,SERTRALINA,$24.30,$13.85,43%
ANDROMACO FARMA,SERTAC (B) 100mg X30COM.REC.,SERTRALINA,$25.30,$15.43,39%
ASTRA ZENECA,SEROQUEL XR 150mg X30COM.PROL.,QUETIAPINA,$89.40,$67.05,25%
ASTRA ZENECA,SEROQUEL XR (R) 50mg X30COM.PROL.,QUETIAPINA,$88.80,$70.15,21%
ASTRA ZENECA,SEROQUEL (R) 200mg X30COM.,QUETIAPINA,$137.80,$103.35,25%
EXELTIS,SERONEX (B) 50mg X30COM.REC.,SERTRALINA,$21.20,$18.02,15%
EXELTIS,SERONEX (B) 100mg X30COM.REC.,SERTRALINA,$27.70,$21.05,24%
GLAXO,SEREVENT LF 25mcg 120DS.,SALMETEROL,$47.50,$40.37,15%
RECALCINE,SERETRAN (B) 20mg X30COM.,PAROXETINA,$38.50,$28.87,25%
GLAXO,SERETIDE LF 250/25 CD X120DS.,SALMETEROL + FLUTICASONA,$70.50,$50.76,28%
GLAXO,SERETIDE LF 125/25 CD X120DS.,SALMETEROL + FLUTICASONA,$71.20,$49.13,31%
SILESIA,SERENATA 20 X28COM.REC,ETINILESTRADIOL + CLORMADINONA,$21.00,$14.70,30%
RECALCINE,SAMEXID 50mg CAPS.X30,LISDEXANFETAMINA,$57.80,$49.13,15%
RECALCINE,SAMEXID 30mg CAPS.X30,LISDEXANFETAMINA,$52.00,$44.20,15%
BIOTOSCANA,SALOFALK 500mg COMP.X100,MESALAZINA,$116.70,$98.03,16%
SAVAL S.A.,RUX (B) 20mg COMP.X30,ROSUVASTATINA,$34.90,$23.38,33%
SAVAL S.A.,RUX (B) 10mg COMP.X30,ROSUVASTATINA,$21.70,$14.32,34%
EXELTIS,RUBIFEN SR (B) 20mg X30COM.,METILFENIDATO,$38.40,$30.72,20%
PHARMA INVESTI,ROVARTAL 20mg X30COM.REC.,ROSUVASTATINA,$28.70,$17.22,40%
PHARMA INVESTI,ROVARTAL 10mg X30COM.REC.,ROSUVASTATINA,$20.10,$12.26,39%
ROCHE,"ROCALTROL 0,25mcg X30CAP.",CALCITRIOL,$44.60,$28.99,35%
CLINICAL MARKET,ROACNETAN (R) 20mg X30CAP.,ISOTRETINOINA SISTEMICA,$50.80,$28.45,44%
CLINICAL MARKET,ROACNETAN (R) 10mg X30CAP.,ISOTRETINOINA SISTEMICA,$38.50,$18.87,51%
RECALCINE,RITMOCOR (R) 300mg X40COM.REC,PROPAFENONA,$41.50,$27.39,34%
RECALCINE,RITMOCOR (R) 150mg X40COM.REC,PROPAFENONA,$28.40,$18.18,36%
AXON PHARMA,RITALIN LA (R) 20mg X30CAP.,METILFENIDATO,$84.80,$54.27,36%
AXON PHARMA,RITALIN (R) 10mg X30COM.,METILFENIDATO,$53.40,$33.64,37%
BPH S.A,RESINCOLESTIRAMINA P.ORAL X50SOB,COLESTIRAMINA,$58.20,$49.47,15%
TECNOFARMA LTDA.,REPENTIL 10mg COM.X30,LORCASERINA,$24.40,$15.37,37%
EXELTIS,REGENESIS UP X30CAP.BDAS.,POLIVITAMINICO CON MINERALES,$17.80,$14.24,20%
ALLERGAN LTDA.,REFRESH TEARS SOL.OFT.10ml,CARBOXIMETILCELULOSA,$20.20,$13.33,34%
SAVAL S.A.,REALTA (B) 60mg X30COM.,DULOXETINA CLORHIDRATO,$22.10,$13.92,37%
ROCHE,RAVOTRIL 2.5mg/ml GTAS.X20ml,CLONAZEPAM,$27.70,$16.90,39%
MEDIPHARM,RADIGEN (B) 1mg/ml GTAS.X30ml,RISPERIDONA,$17.80,$13.35,25%
PHARMA INVESTI,QURAX XR (B) 150mg X30COM.PROL,QUETIAPINA,$29.80,$14.01,53%
SAVAL S.A.,QUETIUM (B) 300mg X30COM.REC.,QUETIAPINA,$40.60,$30.45,25%
RECALCINE,QUETIDIN XR 200mg X30COM.REC.,QUETIAPINA,$56.00,$39.20,30%
RECALCINE,QUETIDIN (B) 25mg X30COM.REC.,QUETIAPINA,$26.00,$20.02,23%
RECALCINE,QUETIDIN (B) 100mg X30COM.REC.,QUETIAPINA,$43.50,$30.88,29%
EXELTIS,QUETEX XR (B) 50mg X30COM.REC,QUETIAPINA,$35.10,$26.32,25%
EXELTIS,QUETEX XR (B) 150mg X30COM.REC,QUETIAPINA,$45.20,$33.90,25%
EXELTIS,QUETEX (B) 200mg X30COM.REC,QUETIAPINA,$42.80,$32.10,25%
SAVAL S.A.,PRUVAL 2mg X30COM.REC,PRUCALOPRIDA SUCCINATO,$41.10,$27.95,32%
ANDROMACO FARMA,PRUCALEX 2mg X30COM.,PRUCALOPRIDA SUCCINATO,$45.90,$34.42,25%
SAVAL S.A.,PROSTOP-D (B) 0.5/0.4 X30CAP.LS,DUTASTERIDA + TAMSULOSINA,$21.90,$12.92,41%
ABBOTT ETICO,"PROSTALL 0,4mg X60COM.REC",TAMSULOSINA,$24.80,$14.63,41%
HOSPIFARMA,PROPRANOLOL (B) 40mg X20COM.,PROPANOLOL,$799,$392,51%
ROCHE,PROLOPA 200/50 X30COM.,LEVODOPA + BENZERAZIDA,$31.00,$20.15,35%
TECNOFARMA LTDA.,PROLIA 60mg JP.X1,DENOSUMAB,$201.80,$171.53,15%
BAYER ETICO,PROGYNOVA (R) 2mg X28GRA.,ESTRADIOL VALERATO,$19.60,$11.56,41%
RECALCINE,PROGENDO 400mg X30CAP.BLANDAS,PROGESTERONA,$33.70,$25.61,24%
RECALCINE,PROGENDO 200mg X30CAP.BLANDAS,PROGESTERONA,$23.00,$17.25,25%
RECALCINE,PROGENDO 100mg X30CAP.BLANDAS,PROGESTERONA,$19.80,$14.85,25%
PFIZER,PRISTIQ 50mg X28COM.PROL.,DESVENLAFAXINA,$60.00,$43.20,28%
PFIZER,PRISTIQ 100mg COMP.X28,DESVENLAFAXINA,$74.20,$55.65,25%
RECALCINE,PREGOBIN (B) 150mg X30CAP.,PREGABALINA,$45.00,$36.00,20%
ANDROMACO FARMA,PREGALEX (B) 75mg X30COM.,PREGABALINA,$20.10,$17.08,15%
ANDROMACO FARMA,PREGALEX (B) 150mg X30COM.,PREGABALINA,$45.30,$34.43,24%
BOEHRINGER INGELHEIM,PRADAXA 150mg X60CAP.,DABIGATRAN ETEXILATO,$85.90,$68.72,20%
BOEHRINGER INGELHEIM,PRADAXA 150mg X30CAP.,DABIGATRAN ETEXILATO,$58.20,$48.89,16%
BOEHRINGER INGELHEIM,PRADAXA 110mg CAPS.X60,DABIGATRAN ETEXILATO,$88.10,$68.72,22%
LABORATORIO OTROS,POSIVYL (B) 20mg X30COM.REC.,PAROXETINA,$39.90,$27.13,32%
PASTEUR,PLUSCAL X30COM.,CALCIO + VIT D,$19.30,$14.47,25%
RECALCINE,PLURIAMIN X30COM.PROL.,DOXILAMINA + PIRIDOXINA,$20.00,$11.80,41%
RAFFO S.A.,PLENITEX (B) 150mg X30CAP.,PREGABALINA,$23.00,$11.96,48%
EUROFARMA,PIETRA ED (B) 30COMP.,DIENOGEST,$18.80,$15.04,20%
FERRING,PENTASA 500mg X100COM.,MESALAZINA,$93.00,$74.40,20%
FERRING,PENTASA 2g X30SOB.,MESALAZINA,$105.30,$84.24,20%
FERRING,PENTASA 1g X50SOB.,MESALAZINA,$96.50,$80.09,17%
OPKO,PENICILINA G SOD 1000000UI X1F-A,PENICILINA G SODICA,$899,$423,53%
EUROFARMA,PANTOCAL (B) 40mg X28COM.REC.,PANTOPRAZOL,$19.60,$12.54,36%
SANITAS S.A.,PAMAX (B) 20mg X30COM.REC.,PAROXETINA,$26.30,$20.78,21%
ASPEN,OVESTIN 0.5mg OVUL.X15,ESTRIOL,$21.30,$18.10,15%
ALLERGAN LTDA.,OPTIVE OFT.15ml,CARBOXIMETILCELULOSA,$27.70,$19.94,28%
ALLERGAN LTDA.,OPTIVE ADVANCED EM.10ml,CARBOXIMETILCELULOSA+GLICEROL+POLISORBAT,$26.10,$21.14,19%
NOVARTIS,OMNITROPE 10mg CARTRI.X1,SOMATROPINA,$119.00,$101.15,15%
NEW SCIENCE,OMEGA 3 UP ULTRAPURE X150CAP,OMEGA 3,$28.00,$19.88,29%
ITF ,OLTAN D 40/12.5 X30COM.,OLMESARTAN + HIDROCLOROTIAZIDA,$18.80,$11.28,40%
ITF ,OLTAN AMLO 40/5 X30COM.REC.,OLMESARTAN + AMLODIPINO,$17.90,$12.53,30%
GALENICUM HEALTH,OLANVITAE (B) 5mg X28COM.REC,OLANZAPINA,$25.60,$15.10,41%
GALENICUM HEALTH,OLANVITAE (B) 10mg X28COM.REC,OLANZAPINA,$33.70,$22.24,34%
SAVAL S.A.,OFTALER FORTE 0.05% SOF.X10ml,KETOTIFENO OFTALMICO,$28.70,$24.39,15%
SAVAL S.A.,OFTALER 0.025% OFT.10ml,KETOTIFENO OFTALMICO,$26.30,$22.35,15%
PASTEUR,ODATRON (B) 8mg X8COM.BUC.,ONDANSETRON,$68.60,$41.16,40%
LABORATORIO OTROS,NUVIGIL 150mg X30COM.,ARMODAFINILO,$33.10,$19.86,40%
GRUNENTHAL,NORSPAN 5mcg/hora PCHE.X2,BUPRENORFINA,$23.00,$19.32,16%
GRUNENTHAL,NORSPAN 10mcg/hora PCHE.X2,BUPRENORFINA,$36.90,$31.36,15%
ANDROMACO FARMA,NORMIX 200mg X24COM.REC.,RIFAXIMA,$38.80,$27.94,28%
GLAXO,NOOTROPYL 800mg X30COM.REC.,PIRACETAM,$26.00,$18.20,30%
ANDROMACO FARMA,NITEXOL 60mg X30CAP.,DULOXETINA CLORHIDRATO,$21.70,$15.62,28%
ANDROMACO FARMA,NEUROPRON FT 20mg X30COM.BUC.,MEMANTINA,$53.70,$41.35,23%
SANOFI,NEULEPTIL 40mg GTAS.20ml,PERICIAZINA,$41.40,$35.19,15%
BAYER ETICO,NEBIDO 1g/4ml AMP.X1,TESTOSTERONA,$132.80,$104.91,21%
ANDROMACO FARMA,NATUREL COMP.X28,ESTRADIOL+NOMEGESTROL,$21.00,$17.85,15%
FERRER,NATRILIX SR COMP.X30,INDAPAMIDA,$27.30,$22.93,16%
PHARMA INVESTI,MULTIFLORA PLUS X30CAP.,BIFIDOBACTERIUM LONGUM + LACTOBACILLUS A,$18.00,$12.06,33%
LABORATORIO OTROS,MORELIN X30COM.,AMITRIPTILINA + CLORDIAZEPOXIDO,$20.00,$13.00,35%
PASTEUR,MONKAST (B) 10mg X28COM.REC.,MONTELUKAST,$21.20,$11.24,47%
RECALCINE,MIMETIX ODT 20mg X30COM.REC.,MEMANTINA,$50.00,$35.00,30%
GRUNENTHAL,MICROSER (B) 24mg X30COM.,BETAHISTINA,$43.00,$31.39,27%
D&M PHARMA S.A.,MICOPIROX 8% LAC.UNAS 5ml,CICLOPIROX-OLAMINA,$23.40,$15.91,32%
BOEHRINGER INGELHEIM,MICARDIS PLUS 80/25 COMP.X28,TELMISARTAN + HIDROCLOROTIAZIDA,$34.70,$27.07,22%
BOEHRINGER INGELHEIM,MICARDIS PLUS 80/12.5 COMP.X28,TELMISARTAN + HIDROCLOROTIAZIDA,$42.90,$27.03,37%
BOEHRINGER INGELHEIM,MICARDIS PLUS 40/12.5 X28COM.,TELMISARTAN + HIDROCLOROTIAZIDA,$42.90,$27.03,37%
BOEHRINGER INGELHEIM,MICARDIS AMLO 80/5 X28COM.,TELMISARTAN + AMLODIPINO,$40.20,$27.74,31%
BOEHRINGER INGELHEIM,MICARDIS AMLO 80/10 X28COM.,TELMISARTAN + AMLODIPINO,$40.60,$28.01,31%
BOEHRINGER INGELHEIM,MICARDIS (R) 40mg X28COM.,TELMISARTAN,$44.00,$26.84,39%
PFIZER,METOTREXATO (R) 2.5mg X100COM.,METOTREXATO,$38.60,$32.81,15%
HOSPIFARMA,METOTREXATO (B) 2.5mg X100COM.,METOTREXATO,$24.90,$21.16,15%
DEUTSCHE PHARMA S.A.,MESTINON 60mg COMP.X100,PIRIDOSTIGMINA BROMHIDRATO,$63.00,$49.77,21%
RECALCINE,MEMOREX X60CAP.,GABA + GABOB + ACETILGUTAMINA + VIT.B6,$33.00,$19.80,40%
GALENICUM HEALTH,MEMANVITAE (B) 10mg X56COM.REC,MEMANTINA,$27.10,$18.97,30%
ETEX FARMACEUTICA LTDA.,MEGANOX 200mg X30COM.DISP.,LAMOTRIGINA,$82.50,$52.80,36%
PFIZER,MEDROL 4mg X20COM.,METILPREDNISOLONA,$22.40,$18.14,19%
PFIZER,MEDROL 16mg COMP.X14,METILPREDNISOLONA,$54.20,$35.23,35%
FAES FARMA,MECOLZINE 500mg COMP.X100,MESALAZINA,$77.40,$54.95,29%
PASTEUR,MANHAE X30CAP.,OMEGA3+ANTIOXIDANTES+MINERALES+VITAMINAS,$18.70,$14.96,20%
ANDROMACO FARMA,MALTOFER 50mg/ml GTAS.X30ml,COMPLEJO DE HIERRO POLIMALTOSADO,$20.50,$12.30,40%
ANDROMACO FARMA,MALTOFER 100mg X10AMP.BEB.,COMPLEJO DE HIERRO POLIMALTOSADO,$21.80,$18.53,15%
TECNOFARMA LTDA.,MAGNATIL CALC.COMP.X30,CALCIO + MAGNESIO + VITAMINA C,$30.30,$19.69,35%
PFIZER,LYRICA (R) 75mg X28CAP.,PREGABALINA,$45.20,$38.42,15%
ALLERGAN LTDA.,LUMIGAN (B) 0.03% SOL.OFT.3ml,BIMATOPROST,$52.10,$39.60,24%
EUROFARMA,LUCASTE (B) 5mg X30.COM.MAST.,MONTELUKAST,$18.90,$11.91,37%
EUROFARMA,LUCASTE (B) 4mg X30.COM.MAST.,MONTELUKAST,$18.90,$11.15,41%
PHARMA INVESTI,LOUTEN T SOL.OFT.2.5ml,LATANOPROST + TIMOLOL,$17.60,$11.62,34%
SAVAL S.A.,LOMEX (B) 20mg X28CAP.PROL.,OMEPRAZOL,$24.20,$17.42,28%
MSD- ORGANON,LIVIAL (R) 2.5mg X28COM.,TIBOLONA,$30.80,$22.48,27%
SILESIA,LIREX (B) 2.5mg X30COM.,TIBOLONA,$26.80,$20.64,23%
LABORATORIO OTROS,LIPOX (B) 40mg X30COM.REC.,ATORVASTATINA,$17.50,$13.65,22%
PFIZER,LIPITOR (R) 10mg X30COM.REC.,ATORVASTATINA,$49.60,$42.66,14%
NOVARTIS,LIORESYL 10mg X60COM.,BACLOFENO,$66.00,$56.10,15%
GALENICUM HEALTH,LEVEVITAE (B) 500mg X30COM.REC,LEVETIRACETAM,$20.30,$11.57,43%
GALENICUM HEALTH,LEVEVITAE (B) 1000mg X30COM.REC,LEVETIRACETAM,$35.60,$20.65,42%
SAVAL S.A.,LEOVAL SOL.100mg X300ml,LEVETIRACETAM,$29.70,$22.57,24%
BAYER OTC,LAROTABE CAPS.X60,VIT.A + VIT.C + VIT.E + SELENIO + ZINC + MANGANESO + COBRE,$26.60,$21.01,21%
PHARMA INVESTI,LANZOPRAL 30mg X30CAP.,LANSOPRAZOL,$28.40,$22.72,20%
PHARMA INVESTI,LANZOPRAL 30 DB X14COM.,LANSOPRAZOL,$19.50,$11.50,41%
SANOFI,LANTUS SOLOSTAR 100UI CARTR.X1,INSULINA GLARGINA,$25.00,$13.50,46%
AVENTIS,LANTUS 100UI/ml CARTUCHOS 3ml X1,INSULINA GLARGINA,$25.80,$21.41,17%
OPKO,LAMIVUDINA/ZIDOVUDINA (B) X60COM.,LAMIVUDINA+ZIDOVUDINA,$74.90,$56.92,24%
SOPHIA,LAGRICEL OFTENO 0.4% SOF.X20UNID.,SODIO HIALURONATO,$25.90,$15.54,40%
ANDROMACO FARMA,LACTULOSA 65% SOL.ORAL X1000ml,LACTULOSA,$39.90,$23.94,40%
ANDROMACO FARMA,LACTAFEM 75mcg X28COM.REC.,DESOGESTREL,$17.60,$12.32,30%
PHARMA INVESTI,KREDIT (B) 1000mg X30COM.REC.,LEVETIRACETAM,$39.90,$26.33,34%
RECALCINE,KOPODEX XR 500mg X30COM.,LEVETIRACETAM,$26.10,$22.18,15%
RECALCINE,KOPODEX 100mg/ml S.O.X120ml,LEVETIRACETAM,$20.00,$16.40,18%
RECALCINE,KOPODEX (B) 500mg X30COM.REC.,LEVETIRACETAM,$24.50,$17.15,30%
RECALCINE,KOPODEX (B) 1000mg X30COM.REC.,LEVETIRACETAM,$48.00,$28.80,40%
ASTRA ZENECA,KOMBIGLYZE XR 5/1000 X28COM.,SAXAGLIPTINA + METFORMINA,$53.60,$37.52,30%
ASTRA ZENECA,KOMBIGLYZE XR 2.5/1000 X56COM.,SAXAGLIPTINA + METFORMINA,$53.50,$37.45,30%
HOFFMAN ACCESORIOS MEDICOS,JERINGA DESECHABLE 10ml,JERINGAS,$699,$119,83%
MEDCELL ACCESORIOS,JERINGA DESECH.3ml X1UNID.,JERINGAS,$799,$64,92%
BOEHRINGER INGELHEIM,JARDIANCE DUO 12.5/1000 COM.X60,EMPAGLIFLOZINA+METFORMINA CLORHIDRATO,$46.80,$35.10,25%
BOEHRINGER INGELHEIM,JARDIANCE 25mgX30,EMPAGLIFLOZINA,$44.60,$30.77,31%
BOEHRINGER INGELHEIM,JARDIANCE 10mg X30COM.REC,EMPAGLIFLOZINA,$36.50,$27.74,24%
MERCK SHARP&DOME,JANUVIA 100mg COMP.X28,SITAGLIPTINA,$51.90,$37.89,27%
MERCK SHARP&DOME,JANUMET XR 100/1000 COMP.X28,SITAGLIPTINA + METFORMINA,$60.90,$42.63,30%
MERCK SHARP&DOME,JANUMET 50/850 X28COM.REC.,SITAGLIPTINA + METFORMINA,$34.00,$22.44,34%
MERCK SHARP&DOME,JANUMET 50/500 X28COM.REC.,SITAGLIPTINA + METFORMINA,$34.00,$21.08,38%
MERCK SHARP&DOME,JANUMET 50/1000 X28COM.REC.,SITAGLIPTINA + METFORMINA,$34.60,$21.80,37%
ANDROMACO FARMA,ISOPRINOSIDE 500mg X20COM.,METISOPRINOL,$54.60,$42.59,22%
GALENICUM HEALTH,IRBEVITAE (B) 300mg X28COM.REC,IRBESARTAN,$26.70,$21.36,20%
GALENICUM HEALTH,IRBEVITAE (B) 150mg X28COM.REC,IRBESARTAN,$25.30,$20.24,20%
JANSSEN,INVOKANA 300mg X30COM.,CANAGLIFLOXINA,$41.00,$34.85,15%
JANSSEN,INVOKANA 100mg X30COM.,CANAGLIFLOXINA,$34.40,$29.24,15%
LABORATORIO OTROS,INTAXEL ER (B) 1.5mg X30COM.PROL,PRAMIPEXOLE,$49.00,$35.28,28%
LABORATORIO OTROS,INTAXEL ER (B) 0.375mg 30COM.P,PRAMIPEXOLE,$18.00,$12.06,33%
NOVONORDISK,INSULATARD HM 100UI/ml PENFILL 3ml X5F-A,"INSULINA ISOFANA (NPH, ZINC Y PROTAMINA)",$62.90,$45.29,28%
NOVONORDISK,INSULATARD HM 100UI/ml 10ml X1F-A,"INSULINA ISOFANA (NPH, ZINC Y PROTAMINA)",$39.40,$15.76,60%
PFIZER,INSPRA 50mg COM.X30,EPLERENONA,$29.00,$21.75,25%
PHARMA INVESTI,INFLADER 20mg X30CAP.,ISOTRETINOINA SISTEMICA,$36.40,$29.12,20%
PHARMA INVESTI,INFLADER 10mg X30CAP.,ISOTRETINOINA SISTEMICA,$24.40,$19.52,20%
ITF ,INDAPRESS 2.5mg COMP.X30,INDAPAMIDA,$30.70,$23.95,22%
ASPEN,IMURAN 50mg COMP.X100,AZATIOPRINA,$81.20,$69.02,15%
THEA PHARMA SPA,HYABAK SOF.X10ml,SODIO HIALURONATO,$29.10,$18.04,38%
SOPHIA,HUMYLUB OFTENO PF SOF.X10ml,SODIO HIALURONATO+CONDROITIN SULFATO,$24.50,$16.17,34%
LABORATORIO OTROS,HIPOGLUCIN LP (B) 750mg X60COM.,METFORMINA,$21.90,$16.86,23%
LABORATORIO OTROS,HIPOGLUCIN LP (B) 1000mg X60COM.,METFORMINA,$25.50,$19.38,24%
LABORATORIO OTROS,GRIFODILZEM 60mg X60COM.,DILTIAZEM,$20.00,$13.00,35%
LABORATORIO OTROS,GRIFOCLOBAM 10mg X20COM.,CLOBAZAM,$22.60,$14.69,35%
EUROFARMA,GOVOLYX 10.8mg IMPLANTE SUBCUTANEO LP X1,GOSERELINA,$211.60,$190.44,10%
PHARMA INVESTI,GOVAL (B) 1mg X30COM.REC.,RISPERIDONA,$18.50,$14.80,20%
TECNOFARMA LTDA.,GOTELY DUO (B) CAPS.X30,DUTASTERIDA + TAMSULOSINA,$32.00,$20.80,35%
TECNOFARMA LTDA.,GOTELY 0.4mg X30CAP.PROL.,TAMSULOSINA,$17.30,$13.15,24%
PHARMASAN S.A.,GMATE TIRAS DE GLUCOSA 2 X25TIRAS,CINTAS PARA GLUCOSURIA,$40.00,$17.60,56%
BAGO,GLEMAZ 4mg COMP.X30,GLIMEPIRIDA,$35.30,$28.24,20%
PHARMA INVESTI,GLAUCOTENSIL (B) 2% SOL.OFT.5ml,DORZOLAMIDA,$22.10,$15.47,30%
LABORATORIO OTROS,GINEDAZOL X10OV.,TINIDAZOL + MICONAZOL,$24.70,$17.29,30%
EXELTIS,GESTEL 200mg X30CAP.BLANDAS,PROGESTERONA,$20.80,$16.64,20%
RECALCINE,GESER 30mg X30COM.REC.,CINACALCET,$78.50,$47.10,40%
NEW SCIENCE,GENACOL ANTIOX X90CAP.,COLAGENO HIDRATADO,$25.10,$17.07,32%
NEW SCIENCE,GENACOL 400mg X90CAP.,COLAGENO HIDRATADO,$26.00,$16.12,38%
RECKITT BENCKISER FARMA,GAVISCON 300ml,SODIO BICARBONATO + SODIO ALGINATO,$22.70,$15.21,33%
ALLERGAN LTDA.,GANFORT (B) SOL.OFT.3ml,TIMOLOL + BIMATOPROST,$34.60,$29.41,15%
ANDROMACO FARMA,GAMALATE B6 X60GRA.,GABA + GABOB + BGM + VIT.B6,$38.10,$26.67,30%
ANDROMACO FARMA,GAMALATE B6 X30GRA.,GABA + GABOB + BGM + VIT.B6,$25.00,$21.25,15%
ANDROMACO FARMA,GAMALATE B6 JBE.X80ml,GABA + GABOB + BGM + VIT.B6,$30.00,$18.90,37%
AXON PHARMA,GALVUS MET 50/850 X56COM.REC.,VILDAGLIPTINA + METFORMINA,$55.80,$38.50,31%
AXON PHARMA,GALVUS MET 50/850 X28COM.REC.,VILDAGLIPTINA + METFORMINA,$37.00,$21.09,43%
AXON PHARMA,GALVUS MET 50/500 X56COM.REC.,VILDAGLIPTINA + METFORMINA,$58.10,$40.09,31%
AXON PHARMA,GALVUS MET 50/500 X28COM.REC.,VILDAGLIPTINA + METFORMINA,$30.80,$22.48,27%
AXON PHARMA,GALVUS MET 50/1000 X56COM.REC.,VILDAGLIPTINA + METFORMINA,$53.80,$43.04,20%
AXON PHARMA,GALVUS MET 50/1000 X28COM.REC.,VILDAGLIPTINA + METFORMINA,$34.40,$27.52,20%
AXON PHARMA,GALVUS 50mg X56COM.,VILDAGLIPTINA,$49.90,$32.93,34%
AXON PHARMA,GALVUS 50mg X28COM.,VILDAGLIPTINA,$33.10,$19.86,40%
DEUTSCHE PHARMA S.A.,FUCIDIN H CR 15g,ACIDO FUSIDICO + HIDROCORTISONA ACETATO,$28.20,$21.43,24%
LABORATORIO OTROS,FRENALER D X20CAP.LIB.SOST.,LORATADINA + PSEUDOEFEDRINA,$21.50,$17.20,20%
LABORATORIO OTROS,FRENALER D X10CAP.LIB.SOST.,LORATADINA + PSEUDOEFEDRINA,$18.50,$14.80,20%
ABBOTT DIAGNOSTICA,FREESTYLE OPT GLUCOSA X50,CINTAS REACTIVAS PARA GLICEMIA,$33.60,$24.53,27%
SAVAL S.A.,FOSVAL (B) 70mg X12COM.,ALENDRONATO,$24.50,$13.96,43%
ASTRA ZENECA,FORXIGA 10mg X28COM.,DAPAGLIFLOZIN,$41.40,$26.50,36%
D&M PHARMA S.A.,FLUXAMOL HFA 250/25 INH.X120DS.,SALMETEROL + FLUTICASONA,$29.40,$20.29,31%
GARDEN HOUSE,FINARTRIT NARANJA PVO.X30SOB.,GLUCOSAMINA + CONDROITINA,$29.30,$16.41,44%
ANDROMACO FARMA,FAMIDAL X10OVULOS,TINIDAZOL + MICONAZOL,$26.80,$18.76,30%
ANDROMACO FARMA,FAMIDAL DUAL CR.VAG.X20g+10OVULOS,TINIDAZOL + MICONAZOL,$25.10,$17.57,30%
ANDROMACO FARMA,FAMIDAL CR.VAG.X60g,TINIDAZOL + MICONAZOL,$22.60,$15.82,30%
LABORATORIO OTROS,EXIM 5 MG x 28 COMP,TADALAFILO,$34.60,$24.91,28%
AXON PHARMA,EXELON 5 X30PCHE.,RIVASTIGMINA,$116.60,$93.28,20%
AXON PHARMA,EXELON 15 X30PCHE.,RIVASTIGMINA,$119.20,$92.98,22%
AXON PHARMA,EXELON 10 X30PCHE.,RIVASTIGMINA,$119.20,$92.98,22%
AXON PHARMA,EXELON (R) 6mg X28CAP.,RIVASTIGMINA,$85.70,$72.84,15%
AXON PHARMA,EXELON (R) 4.5mg X28CAP.,RIVASTIGMINA,$86.40,$73.44,15%
AXON PHARMA,EXELON (R) 3mg X28CAP.,RIVASTIGMINA,$82.20,$69.87,15%
AXON PHARMA,EXELON (R) 1.5mg X28CAP.,RIVASTIGMINA,$87.00,$73.95,15%
SAVAL S.A.,EVOCAZ CD 5mg X30COM.DISP.,DONEPECILO,$45.00,$27.90,38%
ANDROMACO FARMA,EVADOL XR 200mg X30CAP.PROL.,MEBEVERINA,$27.40,$18.91,31%
TECNOFARMA LTDA.,EUTEBROL (B) 20mg X30COM.,MEMANTINA,$34.70,$25.68,26%
SILESIA,ESZOP 3mg X30COM.REC.,ESZOPICLONA,$22.00,$13.20,40%
SAVAL S.A.,ENALTEN D 10/25 X30COM.,ENALAPRIL + HIDROCLOROTIAZIDA,$24.00,$18.00,25%
SAVAL S.A.,ENALTEN (B) 10mg X30COM.,ENALAPRIL,$18.10,$11.95,34%
PHARMA INVESTI,ELTOVEN 2 2mg X30COM.REC.,TOLTERODINA,$23.60,$19.82,16%
ETEX FARMACEUTICA LTDA.,ELONTRIL XL 300mg X30COM.PROL.,BUPROPION,$38.20,$22.92,40%
PFIZER,ELIQUIS 5mg X60COM.,APIXABAN,$79.90,$64.72,19%
PFIZER,ELIQUIS 2.5mg X60COM.,APIXABAN,$80.90,$67.96,16%
ANDROMACO FARMA,ELCAL CI X60COM.,CALCIO CARBONATO + VITAMINA D3,$18.00,$15.30,15%
PFIZER,EFEXOR XR (R) 150mg X30CAP.,VENLAFAXINA,$110.50,$97.24,12%
LUNDBECK,EBIXA 20mg X28COM.REC.,MEMANTINA,$109.80,$82.35,25%
ANDROMACO FARMA,DVIDA MAX 100.000UI PVO.ORAL 1g X1VIAL,COLECALCIFEROL,$22.70,$14.98,34%
ANDROMACO FARMA,DVIDA GTAS.X10ml,COLECALCIFEROL,$18.50,$14.43,22%
GALENICUM HEALTH,DUTASVITAE (B) X30CAP.BLANDAS,DUTASTERIDA,$38.50,$25.02,35%
RECALCINE,DUSPATALIN 200mg X30CAP.,MEBEVERINA,$23.50,$16.45,30%
PASTEUR OPHTHA,DUOTRAV BAK SOL.OFT.2.5ml,TRAVOPROST + TIMOLOL,$43.50,$29.58,32%
GLAXO,DUODART 0.5mg X30CAP.,DUTASTERIDA + TAMSULOSINA,$47.30,$33.11,30%
RECALCINE,DUCETEN 60mg X30CAP.,DULOXETINA CLORHIDRATO,$23.50,$17.86,24%
RECALCINE,DUCETEN 30mg X30CAP.,DULOXETINA CLORHIDRATO,$20.50,$14.35,30%
PHARMA INVESTI,DOXITHAL SR 40mg CAPS.X28,DOXICICLINA,$23.30,$18.87,19%
LABORATORIO OTROS,DOOX (B) 5mg X30COM.,NEBIVOLOL,$21.70,$14.76,32%
SAVAL S.A.,DOLOVERINA 200mg X20COM.,MEBEVERINA,$29.10,$17.46,40%
TECNOFARMA LTDA.,DIVARIL (B) 30mg X30COM.REC.,MIRTAZAPINA,$29.30,$24.32,17%
TECNOFARMA LTDA.,DIVANON 100mg X7OV.,CLINDAMICINA USO LOCAL,$24.20,$20.57,15%
ABBOTT ETICO,DISVEN COMP.X28,DIENOGEST,$22.80,$18.24,20%
FAES FARMA,DISFLAX (B) 6mg X20COMP.,DEFLAZACORT,$21.20,$13.57,36%
FAES FARMA,DISFLAX (B) 30mg X10COM.,DEFLAZACORT,$24.70,$18.52,25%
FERRER,DIAMICRON MR 60mg COMP.X30,GLICAZIDA,$32.60,$23.80,27%
ANDROMACO FARMA,DEZARTAL (B) 30mg X20COM.,DEFLAZACORT,$62.10,$52.78,15%
PFIZER,DETRUSITOL SR 4mg X30COM.REC.,TOLTERODINA,$48.40,$40.17,17%
GADORPHARMA SPA,DESLAFAX 50mg X30COM.PROL.,DESVENLAFAXINA,$19.70,$14.38,27%
GADORPHARMA SPA,DESLAFAX 100mg 30COM.PROL.,DESVENLAFAXINA,$23.80,$16.66,30%
ETEX FARMACEUTICA LTDA.,DEROXAT CR 25mg COMP.X30,PAROXETINA,$37.10,$28.20,24%
PFIZER,DEPO MEDROL 80mg/ml X1F-A,METILPREDNISOLONA,$48.30,$41.05,15%
RECALCINE,DEPAKENE 250mg/5ml JBE.120ml,ACIDO VALPROICO,$19.00,$14.82,22%
ITF ,DELTIUS 100.000U.I S.O X4AMP,COLECALCIFEROL,$50.00,$29.00,42%
TECNOFARMA LTDA.,"DECAPEPTYL 11,25mg F-A X1",TRIPTORELINA,$290.20,$246.67,15%
ASPEN,DECADURABOLIN 50mg/ml JP.X1,NANDROLONA DECANOATO,$19.40,$13.00,33%
ANDROMACO FARMA,DEATEN (B) 80mg X15COM.,ATOMOXETINA,$54.60,$44.23,19%
RECALCINE,DAZOLIN ODT 5mg X30COM.DISP.,DONEPECILO,$79.60,$47.76,40%
PFIZER,DALACIN C 300mg X16CAP.,CLINDAMICINA,$45.90,$32.13,30%
ITF ,DAHLIA (B) COMP.X28,ETINILESTRADIOL + DROSPIRENONA,$19.40,$14.55,25%
PHARMA INVESTI,DAGOTIL 1mg/ml GTAS.X30ml,RISPERIDONA,$26.30,$13.94,47%
GLAXO,CUROCEF 250mg/5ml S.O.X100ml,CEFUROXIMA AXETIL,$38.70,$32.89,15%
GLAXO,CUROCEF (R) 500mg X14COM.REC.,CEFUROXIMA AXETIL,$58.90,$45.35,23%
ASTRA ZENECA,CRESTOR TABLETS (R) 40mg X30COM.,ROSUVASTATINA,$88.00,$66.88,24%
ASTRA ZENECA,CRESTOR TABLETS (R) 20mg X30COM.,ROSUVASTATINA,$65.50,$55.67,15%
ASTRA ZENECA,CRESTOR TABLETS (R) 10mg X30COM.,ROSUVASTATINA,$45.00,$36.00,20%
RECALCINE,CRESADEX 20mg X30COM.REC.,ROSUVASTATINA,$37.00,$22.20,40%
RECALCINE,CRESADEX 10mg X30COM.REC.,ROSUVASTATINA,$27.00,$16.20,40%
RECALCINE,CREON 25.000 CAPS.X50,PANCREATINA,$72.00,$56.88,21%
ABBOTT FARMA,CREON 10.000 X20CAP.PROL.,PANCREATINA,$25.00,$16.50,34%
MSD- ORGANON,COZAAR (R) 100mg X30COM.,LOSARTAN,$26.40,$12.14,54%
FERRER,COVERAM 10/10 COM.X30,PERINDOPRIL+ AMLODIPINO,$31.70,$26.94,15%
RECALCINE,CORODIN (B) 100mg X30COM.,LOSARTAN,$20.50,$19.06,7%
RECALCINE,CORDIAX (B) 80mg X40COM.REC,TELMISARTAN,$26.00,$19.50,25%
ITF ,CONDROSULF 800mg COMP.X30,ACIDO CONDROITINSULFURICO,$47.10,$27.32,42%
MERCK SA,CONCOR AM 5/5mg X30COM.,AMLODIPINO + BISOPROLOL,$36.10,$29.60,18%
MERCK SA,CONCOR 5mg X28COM.REC.,BISOPROLOL,$32.80,$26.24,20%
MERCK SA,CONCOR 10mg X28COM.REC.,BISOPROLOL,$38.10,$28.19,26%
AVENTIS,"COAPROVEL 300/12,5 X28COM.",IRBESARTAN + HIDROCLOROTIAZIDA,$47.80,$25.81,46%
AVENTIS,"COAPROVEL 150/12,5 X28COM.",IRBESARTAN + HIDROCLOROTIAZIDA,$44.10,$26.02,41%
RECALCINE,CLUVAX 100mg X7CAP.VAG.,CLINDAMICINA USO LOCAL,$23.50,$18.80,20%
SAVAL S.A.,CLOVAL FTE.JBE.120ml,CLOBUTINOL,$26.40,$22.44,15%
RECALCINE,CLINOMAT X30COM.REC.,ESTRADIOL + DROSPIRENONA,$23.00,$17.25,25%
EUROFARMA,CLAVAM DUO (B) 875/125 X20COM.,AMOXICILINA + ACIDO CLAVULANICO,$23.80,$16.90,29%
EUROFARMA,CLAVAM DUO (B) 875/125 X14COM.,AMOXICILINA + ACIDO CLAVULANICO,$18.80,$14.10,25%
GALENICUM HEALTH,CILOSVITAE (B) 100mg X28COM.,CILOSTAZOL,$23.10,$12.70,45%
RECALCINE,CIBLEX (B) 30mg X30COM.REC.,MIRTAZAPINA,$49.50,$38.11,23%
RECALCINE,CIBLEX (B) 15mg X30COM.REC.,MIRTAZAPINA,$23.70,$20.14,15%
PHARMA INVESTI,CETRIL 10mg X50COM.,BACLOFENO,$30.50,$19.82,35%
PFIZER,CELEBRA (R) 200mg X30COM.,CELECOXIB,$51.70,$44.98,13%
ASCEND LABORATORIES SPA,CEFUROXIMA (B) 500mg X14COM.REC,CEFUROXIMA AXETIL,$36.50,$28.83,21%
PHARMA INVESTI,CAVAMED 5mg COMP.X30,WARFARINA,$28.10,$21.07,25%
PFIZER,CARDURA XL 4mg X30COM.,DOXAZOSINA,$53.60,$33.23,38%
ITF ,CARDICON RET.20mg X30COM.,NIFEDIPINO,$29.70,$25.84,13%
PFIZER,CAPSURE (B) 200mg X30CAP.,CELECOXIB,$36.10,$14.44,60%
SAVAL S.A.,BUXON 150mg X30COM.REC.,BUPROPION,$36.00,$22.68,37%
EUROFARMA,BUTRINO 150mg X60COM.PROL,BUPROPION,$29.20,$18.98,35%
LABORATORIO OTROS,BURTEN 10mg X20COM.SUBL.,KETOROLACO,$21.70,$17.36,20%
SANITAS S.A.,BUPREDOL 150mg X60COM.REC.,BUPROPION,$31.10,$21.15,32%
BIOTOSCANA,BUDENOFALK 3mg CAPS.X100,BUDESONIDA SISTEMICA,$147.00,$124.95,15%
RECALCINE,BRONDILAT PED.4mg GRAN.X40SOB.,MONTELUKAST,$36.00,$28.80,20%
RECALCINE,BRONDILAT (B) 10mg X30COM.REC.,MONTELUKAST,$56.60,$22.64,60%
LABORATORIO OTROS,BROMEX SF 25/250 AER.X120DS.,SALMETEROL + FLUTICASONA,$43.90,$30.73,30%
LUNDBECK,BRINTELLIX 10mg X28COM.,VORTIOXETINA,$64.00,$60.80,5%
ASTRA ZENECA,BRILINTA 90mg X60COM.REC.,TICAGRELOR,$75.90,$60.72,20%
ASTRA ZENECA,BRILINTA 90mg X30COM.REC.,TICAGRELOR,$48.30,$32.36,33%
ETEX FARMACEUTICA LTDA.,BREXOTIDE LF 250/25 INH.X120DS.,SALMETEROL + FLUTICASONA,$54.00,$34.56,36%
ETEX FARMACEUTICA LTDA.,BREXOTIDE LF 125/25 INH.X120DS.,SALMETEROL + FLUTICASONA,$51.10,$20.44,60%
SAVAL S.A.,"BLOX-D 32/12,5 COMP.X30",CANDESARTAN + HIDROCLOROTIAZIDA,$43.70,$31.46,28%
THEA PHARMA SPA,BLEPHAGEL DUO GEL OF.X40g,POLOXAMER + POLIETILENGLICOL + CARBOMER,$26.50,$18.55,30%
RECALCINE,BIOPSOL (B) 1mg X30COM.,PRAMIPEXOLE,$50.40,$20.16,60%
SAVAL S.A.,BIO MOOD (B) 25mg X30COM.,TOPIRAMATO,$19.10,$12.03,37%
SAVAL S.A.,BIO MOOD (B) 100mg X30COM.,TOPIRAMATO,$48.90,$32.76,33%
LABORATORIO OTROS,BINAX (B) 60mg X28CAP.,DULOXETINA CLORHIDRATO,$19.00,$14.25,25%
BAYER OTC,BILAXIL 400g,PSYLLIUM (PLANTAGO OVATA),$31.40,$20.72,34%
MEDIPHARM,BILATEN-D 16/12.5 X30COM.,CANDESARTAN + HIDROCLOROTIAZIDA,$20.00,$14.60,27%
EUROFARMA,BETINA (B) 24mg X30COM.,BETAHISTINA,$35.30,$20.47,42%
ABBOTT FARMA,BETASERC (R) 24mg X30COM.,BETAHISTINA,$37.10,$29.68,20%
ABBOTT FARMA,BETASERC (R) 16mg X30COM.,BETAHISTINA,$31.50,$19.84,37%
ASTRA ZENECA,BETALOC ZOK 50mg X30COM.PROL.,METOPROLOL,$31.20,$18.72,40%
ASTRA ZENECA,BETALOC ZOK 25mg X30COM.PROL.,METOPROLOL,$26.10,$14.88,43%
BAGO,BAGOMICINA 100mg X15COM.REC.,MINOCICLINA,$26.20,$18.34,30%
RECALCINE,AZYMOL (B) 5mg X30COM.,ARIPIPRAZOL,$36.50,$29.93,18%
RECALCINE,AZYMOL (B) 15mg X30COM.,ARIPIPRAZOL,$72.50,$43.50,40%
RECALCINE,AZYMOL (B) 10mg X30COM.,ARIPIPRAZOL,$48.50,$41.22,15%
PASTEUR OPHTHA,AZARGA SOL.OFT.5ml,BRINZOLAMIDA + TIMOLOL,$39.90,$24.74,38%
VITAMIN LIFE,AVOPLUS X60TAB.,SUPLEMENTO ALIMENTICIO,$22.60,$18.08,20%
GLAXO,AVODART 0.5mg X30CAP.BLANDAS,DUTASTERIDA,$59.60,$35.76,40%
RECALCINE,AURITUSS 25/250 AER.INH.X120DS.,SALMETEROL + FLUTICASONA,$37.60,$30.46,19%
RECALCINE,AURITUSS 25/125 AER.INH.X120DS.,SALMETEROL + FLUTICASONA,$31.50,$26.77,15%
LABORATORIO OTROS,ATENOLOL (B) 50mg X20COM.,ATENOLOL,$999,$390,61%
FERRER,ATEMPERATOR 250mg X50COM.REC.,ACIDO VALPROICO,$28.90,$20.23,30%
ANDROMACO FARMA,ARVIGIL FT 200mg X30COM.,ARMODAFINILO,$36.40,$25.48,30%
GALENICUM HEALTH,ARIVITAE (B) 10mg X28COM.,ARIPIPRAZOL,$29.50,$14.16,52%
SAVAL S.A.,ARIANA 28COM.REC,NOMEGESTROL,$17.60,$13.20,25%
LABORATORIO OTROS,ARGIUM (B) 200mg X30CAP.,CELECOXIB,$25.30,$17.71,30%
RECALCINE,ARADIX RET.20mg X30COM.,METILFENIDATO,$45.50,$36.40,20%
RECALCINE,ARADIX RET.10mg X30COM.,METILFENIDATO,$32.70,$27.47,16%
AVENTIS,APROVEL (R) 150mg X28COM.,IRBESARTAN,$46.20,$36.96,20%
SAVAL S.A.,ANTALIN X30COM.,AMITRIPTILINA + CLORDIAZEPOXIDO,$22.30,$14.49,35%
GLAXO,ANORO 55/22mcg INH.X30DS.,BROMURO DE UMECLIDINO+VILANTEROL,$67.50,$55.35,18%
ABBOTT ETICO,ANFIBOL (B) 5mg X30COM.REC.,NEBIVOLOL,$19.50,$12.09,38%
ALCON,ANESTALCON 0.5% SOF.X15ml,PROPARACAINA,$36.90,$25.46,31%
NOVARTIS,ANAFRANIL 75mg X20GRA.,CLOMIPRAMINA,$57.50,$28.75,50%
NOVARTIS,ANAFRANIL (R) 25mg X20GRA.,CLOMIPRAMINA,$26.50,$15.90,40%
SANITAS S.A.,AMULSIN (B) 5mg X30COM.REC.,OLANZAPINA,$28.80,$22.18,23%
SANITAS S.A.,AMULSIN (B) 10mg X30 COM.REC.,OLANZAPINA,$35.30,$28.24,20%
SAVAL S.A.,AMOVAL (B) 750mg X21COM.,AMOXICILINA,$25.50,$14.53,43%
GADOR,AMINOMUX (B) 90mg AMP.X1,PAMIDRONATO,$40.00,$23.20,42%
EUROFARMA,AMATO (B) 50mg 60 XCOM.REC.,TOPIRAMATO,$34.70,$20.47,41%
EUROFARMA,AMATO (B) 25mg 60 XCOM.REC.,TOPIRAMATO,$22.20,$15.54,30%
SAVAL S.A.,ALTAZINC 5mg/ml GTAS.X30ml,ZINC,$22.40,$15.68,30%
SAVAL S.A.,ALTAZINC 15mg X40COM.,ZINC,$19.50,$13.65,30%
PHARMA INVESTI,ALOPEK 5% SOL.60ml,MINOXIDILO,$23.90,$12.91,46%
AXON PHARMA,ALFLOREX X30CAP.,BIFIDOBACTERIUM LONGUM,$27.70,$19.39,30%
RECALCINE,ALDINAM 50mg X30COM.REC.,LACOSAMIDA,$24.00,$20.40,15%
RECALCINE,ALDINAM 200mg X30COM.REC.,LACOSAMIDA,$68.50,$58.22,15%
RECALCINE,ALDINAM 100mg X30COM.REC.,LACOSAMIDA,$42.50,$29.75,30%
SOPHIA,AGGLAD (B) OFTENO 5ml,BRIMONIDINA TARTRATO,$26.70,$18.69,30%
LABORATORIO OTROS,ADROXEF 250mg/5ml S.O.X100ml,CEFADROXIL0,$26.50,$22.79,14%
NOVONORDISK,ACTRAPID HM 100UI/ml PENFILL 3ml X5F-A,INSULINA REGULAR (ZINC CRISTALIZADA),$59.00,$43.66,26%
NOVONORDISK,ACTRAPID HM 100UI/ml 10ml X1F-A,INSULINA REGULAR (ZINC CRISTALIZADA),$35.50,$17.75,50%
BAGO,ACTIGERON 500mg COMP.X30,L-ACETILCARNITINA,$37.80,$23.81,37%
LABORATORIO OTROS,ACNERAL (B) 10mg X30CAP.BLANDAS,ISOTRETINOINA SISTEMICA,$28.00,$22.96,18%
RECALCINE,ACERDIL D X30COM.,LISINOPRIL + HIDROCLOROTIAZIDA,$35.00,$23.80,32%
RECALCINE,ACERDIL 20mg X30COM.REC.,LISINOPRIL,$35.70,$30.34,15%
ABBOTT ETICO,ACERDIL 10mg X30COM.,LISINOPRIL,$25.00,$20.50,18%
AXON PHARMA,TEGRETAL 400mg COMP.X20,CARBAMAZEPINA,$36.70,$30.46,17%
MSD- ORGANON,SINGULAIR 10mg COMP.X30,MONTELUKAST,$95.00,$67.45,29%
PFIZER,ALTRULINE 100mg COMP.X30,SERTRALINA,$80.10,$65.68,18%
SANITAS S.A.,RITMENAL 400mg CAPS.X30,GABAPENTINA,$30.90,$22.56,27%
SANITAS S.A.,RITMENAL 300mg CAPS.X30,GABAPENTINA,$25.60,$19.97,22%
AXON PHARMA,RISPYL 2mg COMP.X20,RISPERIDONA,$18.00,$15.30,15%
GALENICUM HEALTH,LETROVITAE 2.5mg COMP. X30,LETROZOL,$45.20,$33.90,25%
LABORATORIO OTROS,EQUORAL 50mg CAPS.X50,CICLOSPORINA,$65.20,$55.42,15%
LABORATORIO OTROS,EQUORAL 25mg CAPS.X50,CICLOSPORINA,$39.00,$33.15,15%
NOVARTIS,CIDIMUS 5mg CAPS.X50,TACROLIMUS,$565.00,$480.25,15%